Date,Open,High,Low,Close,Adj Close,Volume
1/4/2010,2.03,2.09,2.03,2.03,2.03,23300
1/5/2010,2.04,2.05,2,2,2,72200
1/6/2010,2,2.06,1.98,2.04,2.04,55700
1/7/2010,2.02,2.06,1.99,2,2,41900
1/8/2010,1.98,2.04,1.96,1.96,1.96,78200
1/11/2010,1.98,2.1,1.98,2.03,2.03,112200
1/12/2010,2.03,2.24,2.03,2.18,2.18,96100
1/13/2010,2.18,2.22,2.11,2.22,2.22,84200
1/14/2010,2.13,2.35,2.13,2.3,2.3,128200
1/15/2010,2.3,2.38,2.29,2.36,2.36,95000
1/19/2010,2.4,2.4,2.3,2.34,2.34,73700
1/20/2010,2.38,2.38,2.22,2.27,2.27,44300
1/21/2010,2.22,2.23,2.2,2.21,2.21,31000
1/22/2010,2.18,2.29,2.15,2.2,2.2,22300
1/25/2010,2.19,2.4,2.16,2.4,2.4,89700
1/26/2010,2.27,2.52,2.24,2.5,2.5,112700
1/27/2010,2.54,2.56,2.49,2.56,2.56,56700
1/28/2010,2.64,2.64,2.5,2.53,2.53,79300
1/29/2010,2.51,2.51,2.42,2.45,2.45,40000
2/1/2010,2.39,2.49,2.25,2.3,2.3,43800
2/2/2010,2.39,2.39,2.3,2.34,2.34,47600
2/3/2010,2.38,2.4,2.33,2.35,2.35,20800
2/4/2010,2.37,2.4,2.2,2.25,2.25,35100
2/5/2010,2.25,2.33,2.15,2.22,2.22,36500
2/8/2010,2.22,2.25,2.22,2.25,2.25,20900
2/9/2010,2.36,2.36,2.22,2.35,2.35,39800
2/10/2010,2.39,2.39,2.29,2.37,2.37,48500
2/11/2010,2.39,2.43,2.37,2.43,2.43,32700
2/12/2010,2.44,2.45,2.35,2.38,2.38,11500
2/16/2010,2.4,2.44,2.38,2.42,2.42,26400
2/17/2010,2.38,2.42,2.38,2.38,2.38,23700
2/18/2010,2.37,2.4,2.37,2.38,2.38,20000
2/19/2010,2.4,2.4,2.38,2.38,2.38,15300
2/22/2010,2.38,2.39,2.29,2.3,2.3,23300
2/23/2010,2.25,2.34,2.21,2.21,2.21,15900
2/24/2010,2.21,2.26,2.09,2.26,2.26,79300
2/25/2010,2.2,2.25,2.2,2.2,2.2,7600
2/26/2010,2.16,2.29,2.16,2.25,2.25,29800
3/1/2010,2.25,2.35,2.25,2.27,2.27,15400
3/2/2010,2.29,2.31,2.25,2.28,2.28,120300
3/3/2010,2.31,2.31,2.05,2.15,2.15,107200
3/4/2010,2.18,2.2,2.15,2.15,2.15,16200
3/5/2010,2.19,2.24,2.16,2.19,2.19,25700
3/8/2010,2.23,2.35,2.17,2.3,2.3,57200
3/9/2010,2.26,2.3,2.25,2.28,2.28,25500
3/10/2010,2.35,2.36,2.23,2.36,2.36,25300
3/11/2010,2.38,2.38,2.29,2.29,2.29,29400
3/12/2010,2.26,2.35,2.25,2.26,2.26,66300
3/15/2010,2.27,2.5,2.26,2.4,2.4,220500
3/16/2010,2.55,2.6,2.37,2.46,2.46,138800
3/17/2010,2.44,2.46,2.4,2.4,2.4,9400
3/18/2010,2.35,2.49,2.31,2.37,2.37,30400
3/19/2010,2.34,2.87,2.31,2.83,2.83,201900
3/22/2010,2.65,3.04,2.63,3,3,171300
3/23/2010,3,3.09,2.82,3.01,3.01,96300
3/24/2010,3.03,3.2,2.9,2.95,2.95,80500
3/25/2010,3.04,3.2,3.01,3.07,3.07,77600
3/26/2010,3.03,3.1,3.02,3.09,3.09,46500
3/29/2010,3.05,3.09,2.95,2.97,2.97,72000
3/30/2010,3.04,3.09,2.95,3.03,3.03,28400
3/31/2010,3.03,3.05,2.85,3.05,3.05,67000
4/1/2010,3.09,3.09,3,3.09,3.09,24400
4/5/2010,3.09,3.25,3.05,3.21,3.21,135700
4/6/2010,3.25,3.29,3.15,3.22,3.22,101000
4/7/2010,3.09,3.37,3.09,3.28,3.28,118800
4/8/2010,3.38,3.38,3.21,3.22,3.22,43000
4/9/2010,3.26,3.5,3.2,3.29,3.29,152500
4/12/2010,3.34,3.39,3.31,3.34,3.34,61200
4/13/2010,3.33,3.5,3.33,3.47,3.47,96400
4/14/2010,3.47,3.49,3.41,3.45,3.45,68300
4/15/2010,3.45,3.49,3.25,3.33,3.33,76400
4/16/2010,3.37,3.37,3.2,3.25,3.25,49300
4/19/2010,3.21,3.21,3.04,3.1,3.1,59500
4/20/2010,3.06,3.17,3.05,3.07,3.07,42600
4/21/2010,3.02,3.18,3,3.02,3.02,54800
4/22/2010,2.97,3.08,2.96,3.05,3.05,41400
4/23/2010,3.05,3.09,3.01,3.06,3.06,22400
4/26/2010,3.06,3.11,3,3.07,3.07,44700
4/27/2010,3.08,3.21,3.01,3.02,3.02,70900
4/28/2010,3.02,3.09,3.02,3.06,3.06,24200
4/29/2010,3.13,3.15,3.04,3.12,3.12,40500
4/30/2010,3.15,3.15,3.07,3.14,3.14,33200
5/3/2010,3.16,4.13,3.05,4.1,4.1,293900
5/4/2010,4.02,4.09,3.6,3.77,3.77,176000
5/5/2010,3.82,4.15,3.58,4.05,4.05,81700
5/6/2010,3.77,4,3.6,3.66,3.66,90100
5/7/2010,4,4.15,3.67,4.14,4.14,143700
5/10/2010,4.2,4.31,3.88,4.19,4.19,234800
5/11/2010,4.24,4.25,4.03,4.23,4.23,57400
5/12/2010,4.2,4.36,4.2,4.35,4.35,50500
5/13/2010,4.37,4.57,4.36,4.57,4.57,120600
5/14/2010,4.65,4.81,4.33,4.53,4.53,146000
5/17/2010,4.61,4.7,4.4,4.54,4.54,74300
5/18/2010,4.53,4.6,4.4,4.43,4.43,24000
5/19/2010,4.4,4.4,4.16,4.21,4.21,26100
5/20/2010,4.1,4.21,3.39,3.87,3.87,252100
5/21/2010,3.71,4.27,3.7,4.25,4.25,79300
5/24/2010,4.38,4.65,4,4.38,4.38,145000
5/25/2010,4.15,4.79,3.84,4.59,4.59,115200
5/26/2010,4.67,5.32,4.65,5.31,5.31,281600
5/27/2010,5.44,5.6,4.83,5.3,5.3,347700
5/28/2010,5.28,5.4,5,5.33,5.33,290500
6/1/2010,4.97,5.15,4.82,4.93,4.93,153700
6/2/2010,5.03,5.5,4.94,5.2,5.2,74500
6/3/2010,5.24,5.35,4.44,4.57,4.57,119700
6/4/2010,4.55,4.9,4.51,4.87,4.87,60100
6/7/2010,5.09,5.14,4.83,5.04,5.04,82700
6/8/2010,4.98,5.1,4.52,4.59,4.59,91200
6/9/2010,4.65,4.78,4.5,4.54,4.54,56500
6/10/2010,4.7,4.7,4.5,4.55,4.55,17200
6/11/2010,4.5,4.75,4.3,4.66,4.66,35600
6/14/2010,4.99,5.09,4.64,4.8,4.8,55200
6/15/2010,4.81,4.93,4.63,4.68,4.68,23400
6/16/2010,4.9,4.9,4.65,4.68,4.68,37900
6/17/2010,4.68,4.68,4.27,4.34,4.34,76500
6/18/2010,4.27,4.29,3.85,4.14,4.14,144800
6/21/2010,4.1,4.1,3.46,3.54,3.54,211700
6/22/2010,3.5,3.5,3.26,3.3,3.3,53600
6/23/2010,3.27,3.49,3.09,3.43,3.43,63200
6/24/2010,3.38,3.38,3.21,3.3,3.3,22000
6/25/2010,3.3,3.61,3.19,3.49,3.49,111700
6/28/2010,3.54,3.54,3.33,3.33,3.33,22600
6/29/2010,3.29,3.39,3.29,3.3,3.3,60300
6/30/2010,3.37,3.37,3.09,3.11,3.11,41600
7/1/2010,3.11,3.11,3.05,3.05,3.05,24600
7/2/2010,3.05,3.12,2.94,3.02,3.02,30900
7/6/2010,3.14,3.35,3.11,3.14,3.14,21700
7/7/2010,3.22,3.22,3.1,3.12,3.12,9600
7/8/2010,3.11,3.12,2.96,2.96,2.96,46100
7/9/2010,3.01,3.04,2.9,2.96,2.96,62700
7/12/2010,2.94,3.06,2.91,3.04,3.04,35000
7/13/2010,3.06,4,3.06,3.44,3.44,340000
7/14/2010,3.69,3.69,3.35,3.6,3.6,133000
7/15/2010,3.64,3.83,3.62,3.76,3.76,43700
7/16/2010,3.69,4.59,3.4,3.76,3.76,575900
7/19/2010,3.71,3.78,3.36,3.51,3.51,82100
7/20/2010,3.5,3.5,3.41,3.44,3.44,5700
7/21/2010,3.43,3.43,3.21,3.23,3.23,25700
7/22/2010,3.25,3.41,3.24,3.36,3.36,44800
7/23/2010,3.41,3.59,3.37,3.48,3.48,44700
7/26/2010,3.6,3.7,3.51,3.63,3.63,43900
7/27/2010,3.77,3.77,3.55,3.58,3.58,36700
7/28/2010,3.65,3.65,3.46,3.59,3.59,24900
7/29/2010,3.67,3.67,3.55,3.58,3.58,22000
7/30/2010,3.6,3.6,3.45,3.45,3.45,55200
8/2/2010,3.47,3.54,3.41,3.43,3.43,16400
8/3/2010,3.41,3.43,3.37,3.37,3.37,26600
8/4/2010,3.36,3.4,3.32,3.34,3.34,39600
8/5/2010,3.38,3.39,3.34,3.34,3.34,11700
8/6/2010,3.37,3.4,3.3,3.39,3.39,16800
8/9/2010,3.38,3.38,3.3,3.34,3.34,15100
8/10/2010,3.23,3.4,3.23,3.28,3.28,24100
8/11/2010,3.5,3.52,3.13,3.44,3.44,68600
8/12/2010,3.46,3.6,3.44,3.53,3.53,37000
8/13/2010,3.48,3.64,3.46,3.64,3.64,42300
8/16/2010,3.6,3.89,3.59,3.87,3.87,120300
8/17/2010,3.87,4.15,3.8,4.04,4.04,74700
8/18/2010,4,4.05,3.98,4.04,4.04,14400
8/19/2010,4.04,4.14,3.91,4.02,4.02,17300
8/20/2010,3.94,3.99,3.69,3.98,3.98,38500
8/23/2010,4.04,4.06,3.8,3.8,3.8,30100
8/24/2010,3.66,3.77,3.4,3.4,3.4,99100
8/25/2010,3.4,3.47,3.3,3.39,3.39,23200
8/26/2010,3.49,3.61,3.41,3.42,3.42,31800
8/27/2010,3.44,3.69,3.41,3.67,3.67,24900
8/30/2010,3.69,3.83,3.68,3.68,3.68,32800
8/31/2010,3.64,3.85,3.64,3.8,3.8,15500
9/1/2010,3.85,4,3.7,3.79,3.79,24800
9/2/2010,3.77,3.85,3.71,3.71,3.71,3100
9/3/2010,3.69,3.75,3.65,3.67,3.67,21100
9/7/2010,3.62,3.68,3.52,3.53,3.53,10800
9/8/2010,3.51,4,3.51,3.61,3.61,38500
9/9/2010,3.62,3.72,3.61,3.61,3.61,5900
9/10/2010,3.6,3.66,3.5,3.6,3.6,26300
9/13/2010,3.6,3.66,3.57,3.62,3.62,16800
9/14/2010,3.57,3.7,3.5,3.55,3.55,18800
9/15/2010,3.58,3.58,3.5,3.56,3.56,4500
9/16/2010,3.6,3.6,3.5,3.55,3.55,10900
9/17/2010,3.54,3.75,3.52,3.74,3.74,27700
9/20/2010,3.74,3.76,3.56,3.56,3.56,17100
9/21/2010,3.55,3.76,3.55,3.75,3.75,20200
9/22/2010,3.66,3.73,3.57,3.6,3.6,25900
9/23/2010,3.65,3.75,3.6,3.62,3.62,15300
9/24/2010,3.68,3.69,3.65,3.65,3.65,16000
9/27/2010,3.72,3.89,3.69,3.8,3.8,17300
9/28/2010,3.72,3.75,3.66,3.71,3.71,13200
9/29/2010,3.66,3.75,3.65,3.67,3.67,6000
9/30/2010,3.75,3.75,3.66,3.73,3.73,9100
10/1/2010,3.7,3.72,3.69,3.71,3.71,7500
10/4/2010,3.71,3.85,3.7,3.77,3.77,18600
10/5/2010,3.77,3.91,3.77,3.87,3.87,21500
10/6/2010,3.85,3.95,3.83,3.92,3.92,17200
10/7/2010,3.91,4,3.7,3.93,3.93,9300
10/8/2010,3.99,3.99,3.86,3.86,3.86,12400
10/11/2010,3.9,3.9,3.8,3.88,3.88,5900
10/12/2010,3.81,3.93,3.8,3.93,3.93,13000
10/13/2010,3.95,4,3.8,3.81,3.81,25200
10/14/2010,3.85,4.06,3.8,3.8,3.8,51800
10/15/2010,3.8,3.99,3.76,3.93,3.93,22100
10/18/2010,3.96,3.98,3.81,3.84,3.84,11000
10/19/2010,3.89,3.95,3.84,3.95,3.95,17500
10/20/2010,3.92,3.92,3.89,3.9,3.9,11500
10/21/2010,3.88,3.89,3.81,3.87,3.87,2800
10/22/2010,3.91,4,3.82,3.9,3.9,14400
10/25/2010,3.9,3.94,3.81,3.94,3.94,9900
10/26/2010,3.99,3.99,3.9,3.95,3.95,16400
10/27/2010,3.95,3.95,3.7,3.78,3.78,26100
10/28/2010,3.89,3.9,3.64,3.73,3.73,15300
10/29/2010,3.8,3.92,3.74,3.8,3.8,22100
11/1/2010,3.8,3.89,3.71,3.89,3.89,27400
11/2/2010,3.84,3.84,3.52,3.62,3.62,38600
11/3/2010,3.62,3.78,3.62,3.7,3.7,27900
11/4/2010,3.65,3.72,3.5,3.56,3.56,59100
11/5/2010,3.53,3.64,3.45,3.55,3.55,42200
11/8/2010,3.51,3.55,3.5,3.5,3.5,22200
11/9/2010,3.5,3.64,3.5,3.51,3.51,13400
11/10/2010,3.51,3.53,3.5,3.5,3.5,24700
11/11/2010,3.5,3.54,3.46,3.53,3.53,19200
11/12/2010,3.54,3.55,3.45,3.45,3.45,18300
11/15/2010,3.64,3.65,3.45,3.56,3.56,31500
11/16/2010,3.62,3.63,3.55,3.55,3.55,25900
11/17/2010,3.59,3.63,3.52,3.53,3.53,19600
11/18/2010,3.45,3.6,3.45,3.46,3.46,53200
11/19/2010,3.46,3.54,3.45,3.51,3.51,14900
11/22/2010,3.57,3.6,3.45,3.5,3.5,20900
11/23/2010,3.48,3.57,3.45,3.57,3.57,8500
11/24/2010,3.58,3.87,3.49,3.82,3.82,55200
11/26/2010,3.84,3.84,3.74,3.81,3.81,12200
11/29/2010,3.84,3.92,3.74,3.81,3.81,21000
11/30/2010,3.84,3.9,3.8,3.9,3.9,24500
12/1/2010,3.95,3.95,3.71,3.75,3.75,20600
12/2/2010,3.71,3.74,3.7,3.7,3.7,9000
12/3/2010,3.65,3.65,3.53,3.55,3.55,17200
12/6/2010,3.64,3.65,3.47,3.64,3.64,21400
12/7/2010,3.63,3.63,3.56,3.6,3.6,14200
12/8/2010,3.56,3.65,3.55,3.59,3.59,11600
12/9/2010,3.73,3.94,3.58,3.63,3.63,56900
12/10/2010,3.69,3.7,3.55,3.56,3.56,37000
12/13/2010,3.55,3.61,3.27,3.27,3.27,31100
12/14/2010,3.3,3.45,3.3,3.36,3.36,22000
12/15/2010,3.42,3.46,3.38,3.43,3.43,18400
12/16/2010,3.48,3.63,3.44,3.62,3.62,26700
12/17/2010,3.62,3.65,3.42,3.63,3.63,26900
12/20/2010,3.63,3.63,3.52,3.53,3.53,12700
12/21/2010,3.56,3.56,3.35,3.38,3.38,46700
12/22/2010,3.43,3.47,3.35,3.36,3.36,13400
12/23/2010,3.32,3.36,3.18,3.18,3.18,29100
12/27/2010,3.15,3.25,3.03,3.13,3.13,58700
12/28/2010,3.09,3.2,2.89,3.06,3.06,35000
12/29/2010,3.03,3.2,3.03,3.14,3.14,29300
12/30/2010,3.16,3.43,3.09,3.18,3.18,43800
12/31/2010,3.18,3.24,3.17,3.22,3.22,14900
1/3/2011,3.13,3.18,3.02,3.08,3.08,34900
1/4/2011,3.06,3.2,3.06,3.1,3.1,49400
1/5/2011,3.13,3.32,3.09,3.32,3.32,43200
1/6/2011,3.2,3.32,3.15,3.2,3.2,49500
1/7/2011,3.17,3.24,3.1,3.11,3.11,39600
1/10/2011,3.16,3.19,3.1,3.18,3.18,41400
1/11/2011,3.27,3.33,3.18,3.32,3.32,35100
1/12/2011,3.35,3.69,3.29,3.65,3.65,108500
1/13/2011,3.7,3.72,3.53,3.68,3.68,48100
1/14/2011,3.64,3.73,3.63,3.68,3.68,35900
1/18/2011,3.62,3.67,3.5,3.53,3.53,37200
1/19/2011,3.47,3.47,3.39,3.42,3.42,24900
1/20/2011,3.44,3.45,3.36,3.38,3.38,19900
1/21/2011,3.45,3.6,3.35,3.45,3.45,19000
1/24/2011,3.52,3.65,3.46,3.61,3.61,29700
1/25/2011,3.65,3.65,3.4,3.52,3.52,46500
1/26/2011,3.57,3.57,3.41,3.41,3.41,28200
1/27/2011,3.39,3.4,3.28,3.4,3.4,27500
1/28/2011,3.47,3.47,3.35,3.39,3.39,18000
1/31/2011,3.38,3.45,3.32,3.42,3.42,18500
2/1/2011,3.48,3.53,3.42,3.53,3.53,38400
2/2/2011,3.51,3.58,3.43,3.51,3.51,37400
2/3/2011,3.54,3.54,3.5,3.5,3.5,29200
2/4/2011,3.48,3.59,3.48,3.59,3.59,37500
2/7/2011,3.57,3.59,3.53,3.54,3.54,15400
2/8/2011,3.51,3.6,3.51,3.59,3.59,11200
2/9/2011,3.6,3.6,3.5,3.53,3.53,18500
2/10/2011,3.5,3.6,3.5,3.51,3.51,22600
2/11/2011,3.5,3.6,3.5,3.6,3.6,18300
2/14/2011,3.58,3.6,3.55,3.6,3.6,35100
2/15/2011,3.59,3.66,3.58,3.63,3.63,24100
2/16/2011,3.61,3.8,3.54,3.75,3.75,69700
2/17/2011,3.77,3.8,3.7,3.76,3.76,47100
2/18/2011,3.72,3.72,3.55,3.6,3.6,27800
2/22/2011,3.55,3.6,3.52,3.59,3.59,17200
2/23/2011,3.55,3.55,3.42,3.42,3.42,16900
2/24/2011,3.42,3.55,3.42,3.55,3.55,3400
2/25/2011,3.54,3.64,3.54,3.64,3.64,19300
2/28/2011,3.6,3.67,3.6,3.67,3.67,21900
3/1/2011,3.65,3.67,3.6,3.62,3.62,9400
3/2/2011,3.66,3.69,3.61,3.69,3.69,5100
3/3/2011,3.68,3.68,3.6,3.67,3.67,7700
3/4/2011,3.66,3.88,3.65,3.88,3.88,38900
3/7/2011,3.85,3.85,3.64,3.73,3.73,30100
3/8/2011,3.73,3.75,3.69,3.74,3.74,19900
3/9/2011,3.78,3.78,3.66,3.73,3.73,30600
3/10/2011,3.73,3.73,3.65,3.72,3.72,10000
3/11/2011,3.72,3.75,3.66,3.75,3.75,6000
3/14/2011,3.77,3.77,3.69,3.72,3.72,7100
3/15/2011,3.65,3.81,3.63,3.78,3.78,40100
3/16/2011,3.76,3.9,3.75,3.76,3.76,29300
3/17/2011,3.75,3.99,3.75,3.89,3.89,92200
3/18/2011,3.91,4,3.8,3.94,3.94,20000
3/21/2011,3.98,4.1,3.98,4.06,4.06,68100
3/22/2011,4,4.1,3.99,3.99,3.99,18500
3/23/2011,3.97,4.01,3.95,3.95,3.95,12300
3/24/2011,3.96,3.98,3.92,3.93,3.93,4300
3/25/2011,3.91,4.05,3.85,3.91,3.91,16200
3/28/2011,3.86,4,3.86,3.9,3.9,15700
3/29/2011,3.86,3.95,3.86,3.88,3.88,8800
3/30/2011,3.91,3.94,3.85,3.85,3.85,8400
3/31/2011,3.81,3.91,3.81,3.91,3.91,8500
4/1/2011,3.87,3.91,3.82,3.91,3.91,8500
4/4/2011,3.96,3.98,3.88,3.95,3.95,13900
4/5/2011,3.93,3.99,3.87,3.99,3.99,6500
4/6/2011,4.01,4.01,3.95,3.96,3.96,6700
4/7/2011,3.98,4.02,3.96,4.01,4.01,17900
4/8/2011,4.04,4.1,3.91,4.09,4.09,14300
4/11/2011,4.1,4.15,4.03,4.06,4.06,26800
4/12/2011,4.02,4.14,3.96,4.1,4.1,17500
4/13/2011,4.07,4.19,4.03,4.12,4.12,10900
4/14/2011,4.18,4.24,4.1,4.24,4.24,28000
4/15/2011,4.24,4.3,4.16,4.22,4.22,26800
4/18/2011,4.18,4.2,4,4.03,4.03,18100
4/19/2011,4.06,4.24,4.04,4.23,4.23,11800
4/20/2011,4.24,4.24,4,4.11,4.11,15600
4/21/2011,4.09,4.18,4,4.14,4.14,11700
4/25/2011,4.19,4.26,4.15,4.22,4.22,24300
4/26/2011,4.28,4.41,4.23,4.4,4.4,38600
4/27/2011,4.44,4.59,4.4,4.49,4.49,53000
4/28/2011,4.57,4.57,4.28,4.28,4.28,24000
4/29/2011,4.46,4.48,4.35,4.42,4.42,18000
5/2/2011,4.52,4.55,4.25,4.33,4.33,29000
5/3/2011,4.34,4.46,4.34,4.4,4.4,7100
5/4/2011,4.39,4.39,4.26,4.28,4.28,30100
5/5/2011,4.28,4.35,4.28,4.34,4.34,6800
5/6/2011,4.26,4.31,4.02,4.13,4.13,35000
5/9/2011,4.12,4.17,3.9,3.96,3.96,11000
5/10/2011,3.98,4,3.9,3.96,3.96,6500
5/11/2011,3.94,4.03,3.94,3.99,3.99,5100
5/12/2011,3.64,3.98,3.46,3.66,3.66,71600
5/13/2011,3.65,3.78,3.65,3.75,3.75,20000
5/16/2011,3.7,3.73,3.5,3.53,3.53,7600
5/17/2011,3.53,3.78,3.44,3.57,3.57,26200
5/18/2011,3.52,3.65,3.52,3.54,3.54,9000
5/19/2011,3.52,3.65,3.52,3.58,3.58,1900
5/20/2011,3.53,3.59,3.52,3.58,3.58,4700
5/23/2011,3.52,3.59,3.51,3.52,3.52,11600
5/24/2011,3.51,3.54,3.5,3.5,3.5,18600
5/25/2011,3.51,3.51,3.43,3.43,3.43,7900
5/26/2011,3.42,3.44,3.34,3.44,3.44,32500
5/27/2011,3.4,3.44,3.38,3.39,3.39,9400
5/31/2011,3.5,3.5,3.44,3.45,3.45,25500
6/1/2011,3.48,3.69,3.45,3.65,3.65,31000
6/2/2011,3.85,3.85,3.37,3.57,3.57,56500
6/3/2011,3.54,3.6,3.45,3.51,3.51,4500
6/6/2011,3.5,3.5,3.28,3.32,3.32,22900
6/7/2011,3.33,3.4,3.25,3.25,3.25,22100
6/8/2011,3.28,3.3,3.1,3.1,3.1,10300
6/9/2011,3.09,3.23,2.91,3.17,3.17,15900
6/10/2011,3.21,3.25,3.01,3.15,3.15,10800
6/13/2011,3.11,3.11,2.95,3,3,18700
6/14/2011,3.06,3.19,3.05,3.08,3.08,5600
6/15/2011,3.05,3.06,2.96,2.99,2.99,17300
6/16/2011,2.99,3.06,2.99,3.06,3.06,3900
6/17/2011,3.02,3.12,3.02,3.1,3.1,4400
6/20/2011,3.06,3.07,2.93,2.95,2.95,39500
6/21/2011,2.92,3.1,2.92,3,3,8600
6/22/2011,3.01,3.01,2.75,2.79,2.79,29300
6/23/2011,2.79,2.94,2.79,2.86,2.86,8400
6/24/2011,2.91,2.91,2.59,2.62,2.62,32200
6/27/2011,2.62,2.69,2.52,2.62,2.62,31100
6/28/2011,2.64,2.67,2.59,2.6,2.6,18600
6/29/2011,2.65,2.68,2.53,2.62,2.62,21400
6/30/2011,2.62,2.66,2.58,2.66,2.66,11000
7/1/2011,2.68,2.8,2.55,2.74,2.74,27800
7/5/2011,2.69,2.94,2.57,2.82,2.82,28600
7/6/2011,2.79,3,2.79,2.93,2.93,26600
7/7/2011,2.97,3.05,2.75,2.92,2.92,35600
7/8/2011,2.97,3.08,2.92,3.05,3.05,22200
7/11/2011,2.99,3.11,2.9,2.9,2.9,12200
7/12/2011,2.99,3.07,2.99,3.02,3.02,6000
7/13/2011,2.96,3.09,2.93,3,3,21100
7/14/2011,3,3.04,2.94,2.99,2.99,29100
7/15/2011,2.97,2.97,2.93,2.95,2.95,4100
7/18/2011,2.98,2.99,2.9,2.99,2.99,9300
7/19/2011,2.91,2.99,2.9,2.96,2.96,28700
7/20/2011,3.02,3.02,2.9,2.96,2.96,12000
7/21/2011,2.99,2.99,2.92,2.92,2.92,8500
7/22/2011,2.88,2.96,2.86,2.87,2.87,6600
7/25/2011,2.85,2.9,2.85,2.85,2.85,11900
7/26/2011,2.85,2.97,2.8,2.83,2.83,6300
7/27/2011,2.8,2.89,2.71,2.72,2.72,15500
7/28/2011,2.76,2.87,2.7,2.76,2.76,7800
7/29/2011,2.8,2.82,2.62,2.67,2.67,38000
8/1/2011,2.77,3.07,2.73,3.03,3.03,64900
8/2/2011,3.06,3.06,2.54,2.63,2.63,157200
8/3/2011,2.72,2.74,2.63,2.65,2.65,15600
8/4/2011,2.75,2.82,2.63,2.74,2.74,49400
8/5/2011,2.81,2.83,2.7,2.71,2.71,26500
8/8/2011,2.63,2.7,2.01,2.01,2.01,101400
8/9/2011,2.49,3.01,2.17,2.96,2.96,121200
8/10/2011,3,3,2.6,2.73,2.73,37900
8/11/2011,2.67,2.76,2.6,2.73,2.73,15100
8/12/2011,2.74,2.82,2.65,2.78,2.78,15400
8/15/2011,3,3,2.73,2.73,2.73,34900
8/16/2011,2.84,2.84,2.6,2.68,2.68,39800
8/17/2011,2.63,2.8,2.6,2.65,2.65,15800
8/18/2011,2.78,2.78,2.5,2.7,2.7,23700
8/19/2011,2.78,2.78,2.5,2.68,2.68,20100
8/22/2011,2.7,2.84,2.56,2.84,2.84,37300
8/23/2011,2.85,2.85,2.61,2.66,2.66,17700
8/24/2011,2.71,2.72,2.62,2.67,2.67,11400
8/25/2011,2.7,2.72,2.62,2.65,2.65,7900
8/26/2011,2.65,2.72,2.61,2.66,2.66,5000
8/29/2011,2.72,2.72,2.61,2.7,2.7,8800
8/30/2011,2.8,2.82,2.62,2.69,2.69,24800
8/31/2011,2.74,2.8,2.55,2.64,2.64,29300
9/1/2011,2.68,2.72,2.58,2.62,2.62,22200
9/2/2011,2.65,2.7,2.55,2.7,2.7,15200
9/6/2011,2.55,2.7,2.55,2.7,2.7,7800
9/7/2011,2.65,2.72,2.63,2.7,2.7,49000
9/8/2011,2.67,2.85,2.5,2.7,2.7,60900
9/9/2011,2.63,2.72,2.55,2.7,2.7,8100
9/12/2011,2.85,2.85,2.5,2.5,2.5,89100
9/13/2011,2.47,2.8,2.47,2.56,2.56,19800
9/14/2011,2.56,2.6,2.47,2.54,2.54,22600
9/15/2011,2.56,2.7,2.45,2.58,2.58,12400
9/16/2011,2.53,2.72,2.53,2.7,2.7,11300
9/19/2011,2.58,2.69,2.54,2.58,2.58,19200
9/20/2011,2.63,2.67,2.53,2.55,2.55,23600
9/21/2011,2.47,2.68,2.47,2.51,2.51,11600
9/22/2011,2.48,2.48,2.26,2.26,2.26,37800
9/23/2011,2.63,2.63,2.28,2.37,2.37,15700
9/26/2011,2.31,2.37,2.25,2.33,2.33,39000
9/27/2011,2.33,2.45,2.25,2.37,2.37,31100
9/28/2011,2.32,2.35,2.25,2.26,2.26,13000
9/29/2011,2.29,2.46,2.14,2.19,2.19,19000
9/30/2011,2.23,2.28,2.15,2.25,2.25,12000
10/3/2011,2.19,2.24,2.05,2.06,2.06,11100
10/4/2011,2.06,2.06,1.9,1.91,1.91,36500
10/5/2011,2.02,2.02,1.9,1.99,1.99,16700
10/6/2011,2.04,2.1,1.95,2.04,2.04,37300
10/7/2011,2,2.1,2,2.04,2.04,4200
10/10/2011,2.12,2.12,1.9,2.04,2.04,14400
10/11/2011,2.01,2.08,1.99,2.03,2.03,12900
10/12/2011,2.09,2.12,2.03,2.05,2.05,8500
10/13/2011,2.03,2.19,2.03,2.12,2.12,12800
10/14/2011,2.15,2.15,2.03,2.05,2.05,9900
10/17/2011,2.1,2.18,2.04,2.05,2.05,15700
10/18/2011,2.04,2.15,2.04,2.09,2.09,3900
10/19/2011,2.04,2.15,2.04,2.06,2.06,22900
10/20/2011,2.06,2.13,2.04,2.04,2.04,11900
10/21/2011,2.04,2.2,2,2.15,2.15,44600
10/24/2011,2.2,2.2,2.04,2.15,2.15,25800
10/25/2011,2.12,2.13,2.05,2.05,2.05,16200
10/26/2011,2.12,2.18,2.06,2.07,2.07,12400
10/27/2011,2.05,2.15,2.03,2.11,2.11,25000
10/28/2011,2.14,2.17,2.07,2.1,2.1,13100
10/31/2011,2.04,2.1,2.02,2.02,2.02,20500
11/1/2011,2.01,2.08,2,2.01,2.01,18100
11/2/2011,2.01,2.08,2,2.08,2.08,6100
11/3/2011,2.15,2.15,2,2.05,2.05,11500
11/4/2011,2.03,2.08,2.02,2.02,2.02,2500
11/7/2011,2.01,2.02,2,2.02,2.02,10200
11/8/2011,2.08,2.08,2,2.06,2.06,9800
11/9/2011,2,2.08,1.9,2,2,49400
11/10/2011,1.98,2.06,1.96,1.96,1.96,4400
11/11/2011,2.02,2.04,1.9,1.98,1.98,25300
11/14/2011,1.92,1.97,1.81,1.81,1.81,39300
11/15/2011,1.85,1.89,1.76,1.76,1.76,178300
11/16/2011,1.8,1.85,1.75,1.8,1.8,28600
11/17/2011,1.81,1.81,1.77,1.77,1.77,9200
11/18/2011,1.77,1.8,1.75,1.78,1.78,7400
11/21/2011,1.76,1.83,1.7,1.81,1.81,17400
11/22/2011,1.81,1.81,1.75,1.75,1.75,2900
11/23/2011,1.75,1.78,1.75,1.78,1.78,2900
11/25/2011,1.79,1.79,1.7,1.72,1.72,13100
11/28/2011,1.7,1.75,1.63,1.65,1.65,16300
11/29/2011,1.69,1.81,1.69,1.8,1.8,4700
11/30/2011,1.79,1.79,1.62,1.62,1.62,7700
12/1/2011,1.61,1.7,1.61,1.64,1.64,10100
12/2/2011,1.63,1.76,1.63,1.67,1.67,26000
12/5/2011,1.67,1.69,1.62,1.65,1.65,33800
12/6/2011,1.66,1.71,1.62,1.7,1.7,17900
12/7/2011,1.73,1.75,1.63,1.63,1.63,10600
12/8/2011,1.67,1.74,1.63,1.63,1.63,17100
12/9/2011,1.66,1.7,1.63,1.7,1.7,3300
12/12/2011,1.64,1.69,1.6,1.6,1.6,34500
12/13/2011,1.62,1.67,1.59,1.65,1.65,32000
12/14/2011,1.68,1.68,1.6,1.62,1.62,11900
12/15/2011,1.6,1.69,1.55,1.61,1.61,32100
12/16/2011,1.6,1.69,1.6,1.61,1.61,13700
12/19/2011,1.6,1.67,1.6,1.65,1.65,14400
12/20/2011,1.67,1.67,1.55,1.61,1.61,18200
12/21/2011,1.61,1.66,1.61,1.63,1.63,18600
12/22/2011,1.63,1.7,1.63,1.7,1.7,18700
12/23/2011,1.7,1.7,1.6,1.65,1.65,23700
12/27/2011,1.63,1.65,1.56,1.6,1.6,18600
12/28/2011,1.6,1.65,1.56,1.65,1.65,29500
12/29/2011,1.6,1.7,1.6,1.7,1.7,19400
12/30/2011,1.65,1.7,1.6,1.67,1.67,25800
1/3/2012,1.69,1.7,1.65,1.67,1.67,16700
1/4/2012,1.68,1.71,1.65,1.66,1.66,5600
1/5/2012,1.65,1.69,1.65,1.67,1.67,9200
1/6/2012,1.68,1.69,1.66,1.67,1.67,9800
1/9/2012,1.72,1.75,1.68,1.75,1.75,34500
1/10/2012,1.77,1.77,1.73,1.77,1.77,11100
1/11/2012,1.77,1.96,1.75,1.9,1.9,60200
1/12/2012,1.96,2.04,1.87,2.02,2.02,47800
1/13/2012,1.94,2,1.85,1.93,1.93,30000
1/17/2012,1.88,2,1.85,1.86,1.86,38100
1/18/2012,1.9,1.9,1.86,1.9,1.9,8400
1/19/2012,1.88,1.95,1.88,1.9,1.9,16600
1/20/2012,1.88,1.99,1.85,1.99,1.99,17100
1/23/2012,1.99,1.99,1.9,1.99,1.99,13400
1/24/2012,1.96,1.99,1.86,1.97,1.97,7400
1/25/2012,2,2,1.91,1.97,1.97,11600
1/26/2012,1.94,2,1.94,1.97,1.97,9000
1/27/2012,1.94,2,1.92,1.93,1.93,8900
1/30/2012,1.92,1.99,1.92,1.95,1.95,9900
1/31/2012,1.93,1.99,1.93,1.95,1.95,3400
2/1/2012,1.96,2.04,1.93,1.96,1.96,31500
2/2/2012,1.95,2.02,1.93,1.93,1.93,20300
2/3/2012,1.92,2.16,1.92,2.01,2.01,55000
2/6/2012,1.98,2.14,1.95,2.06,2.06,33800
2/7/2012,2.06,2.13,2,2.05,2.05,14200
2/8/2012,2.11,2.13,2.07,2.1,2.1,9900
2/9/2012,2.15,2.18,2.11,2.11,2.11,20700
2/10/2012,2.01,2.08,1.96,2.03,2.03,62000
2/13/2012,2.11,2.11,1.98,2.05,2.05,13700
2/14/2012,2.05,2.07,2.02,2.06,2.06,8000
2/15/2012,2.07,2.4,2,2.03,2.03,153400
2/16/2012,2.13,2.37,2.07,2.14,2.14,134800
2/17/2012,2.21,2.31,2.15,2.2,2.2,62500
2/21/2012,2.25,2.35,2.16,2.25,2.25,15600
2/22/2012,2.32,2.97,2.3,2.94,2.94,207400
2/23/2012,3.03,3.18,2.45,2.53,2.53,203100
2/24/2012,2.5,2.65,2.5,2.53,2.53,50300
2/27/2012,2.46,2.46,2.25,2.26,2.26,88000
2/28/2012,2.43,2.56,2.32,2.36,2.36,54500
2/29/2012,2.5,3.2,2.5,2.89,2.89,416900
3/1/2012,2.96,3.15,2.85,2.98,2.98,158500
3/2/2012,2.98,2.98,2.71,2.93,2.93,77300
3/5/2012,2.83,2.94,2.83,2.9,2.9,29300
3/6/2012,2.81,3.24,2.77,2.98,2.98,188600
3/7/2012,2.98,2.99,2.79,2.89,2.89,42100
3/8/2012,2.92,2.97,2.88,2.89,2.89,16900
3/9/2012,2.9,3.05,2.8,2.87,2.87,47100
3/12/2012,2.89,2.96,2.81,2.9,2.9,21900
3/13/2012,2.88,2.89,2.77,2.82,2.82,21700
3/14/2012,2.84,2.9,2.78,2.84,2.84,13500
3/15/2012,2.81,2.85,2.81,2.84,2.84,7000
3/16/2012,2.82,2.85,2.76,2.85,2.85,22500
3/19/2012,2.8,2.81,2.71,2.78,2.78,30300
3/20/2012,2.74,2.74,2.65,2.67,2.67,19800
3/21/2012,2.63,2.67,2.54,2.61,2.61,26400
3/22/2012,2.55,2.55,2.44,2.47,2.47,33400
3/23/2012,2.46,2.71,2.42,2.47,2.47,29500
3/26/2012,2.45,2.46,2.37,2.46,2.46,31000
3/27/2012,2.43,2.51,2.35,2.4,2.4,30500
3/28/2012,2.4,2.42,2.22,2.37,2.37,47200
3/29/2012,2.39,2.42,2.29,2.35,2.35,17400
3/30/2012,2.35,2.42,2.3,2.37,2.37,13100
4/2/2012,2.37,2.4,2.33,2.36,2.36,13400
4/3/2012,2.32,2.36,2.3,2.35,2.35,10600
4/4/2012,2.34,2.34,2.29,2.3,2.3,14100
4/5/2012,2.29,2.29,2.15,2.19,2.19,29500
4/9/2012,2.15,2.18,2.04,2.11,2.11,25500
4/10/2012,2.1,2.1,2,2.07,2.07,17400
4/11/2012,2.04,2.19,2.04,2.19,2.19,34200
4/12/2012,2.23,2.39,2.11,2.35,2.35,35600
4/13/2012,2.35,2.83,2.34,2.5,2.5,211600
4/16/2012,2.42,2.5,2.35,2.41,2.41,23100
4/17/2012,2.47,2.47,2.15,2.21,2.21,27300
4/18/2012,2.19,2.6,2.16,2.31,2.31,38300
4/19/2012,2.36,2.44,2.35,2.35,2.35,11300
4/20/2012,2.39,2.41,2.34,2.41,2.41,6900
4/23/2012,2.42,2.42,2.25,2.3,2.3,20800
4/24/2012,2.27,2.5,2.27,2.35,2.35,14300
4/25/2012,2.33,2.41,2.19,2.22,2.22,17600
4/26/2012,2.33,2.34,2.33,2.33,2.33,1600
4/27/2012,2.34,2.34,2.27,2.3,2.3,8500
4/30/2012,2.29,2.35,2.29,2.29,2.29,1100
5/1/2012,2.3,2.34,2.17,2.23,2.23,16000
5/2/2012,2.22,2.23,2.14,2.2,2.2,7100
5/3/2012,2.2,2.24,2.2,2.2,2.2,7800
5/4/2012,2.2,2.25,2.19,2.2,2.2,7900
5/7/2012,2.24,2.24,2.14,2.15,2.15,3100
5/8/2012,2.15,2.24,2.14,2.24,2.24,18000
5/9/2012,2.24,2.24,2.14,2.21,2.21,8100
5/10/2012,2.23,2.25,2.15,2.15,2.15,14000
5/11/2012,2.19,2.2,2,2.07,2.07,42700
5/14/2012,2.04,2.08,1.94,1.94,1.94,13200
5/15/2012,1.94,2.01,1.87,1.98,1.98,13000
5/16/2012,1.97,2.02,1.87,1.87,1.87,13200
5/17/2012,1.87,1.9,1.83,1.85,1.85,11000
5/18/2012,1.94,1.94,1.68,1.68,1.68,45900
5/21/2012,1.7,1.97,1.7,1.72,1.72,27300
5/22/2012,1.74,1.85,1.74,1.82,1.82,3700
5/23/2012,1.81,1.91,1.75,1.91,1.91,28000
5/24/2012,2,2.15,2,2.15,2.15,68800
5/25/2012,2.18,2.28,2.11,2.11,2.11,15600
5/29/2012,2.2,2.25,2.16,2.24,2.24,16200
5/30/2012,2.25,2.25,2.18,2.22,2.22,9100
5/31/2012,2.23,2.23,1.97,2.14,2.14,22700
6/1/2012,2.12,2.12,1.99,2.03,2.03,7500
6/4/2012,2.09,2.09,1.9,1.92,1.92,33100
6/5/2012,1.91,1.95,1.91,1.91,1.91,2700
6/6/2012,1.92,2,1.91,2,2,10100
6/7/2012,2.01,2.1,1.9,1.93,1.93,20800
6/8/2012,1.96,1.98,1.85,1.9,1.9,15800
6/11/2012,1.9,1.96,1.88,1.96,1.96,4100
6/12/2012,1.9,1.95,1.82,1.85,1.85,21800
6/13/2012,1.83,1.95,1.73,1.85,1.85,56300
6/14/2012,1.79,1.9,1.78,1.86,1.86,6100
6/15/2012,1.82,1.94,1.78,1.85,1.85,5900
6/18/2012,1.87,1.87,1.76,1.8,1.8,14300
6/19/2012,1.78,1.83,1.72,1.76,1.76,78600
6/20/2012,1.75,1.76,1.72,1.75,1.75,17400
6/21/2012,1.77,1.77,1.72,1.76,1.76,9400
6/22/2012,1.75,1.77,1.73,1.76,1.76,11000
6/25/2012,1.77,1.77,1.73,1.73,1.73,16600
6/26/2012,1.74,1.77,1.72,1.76,1.76,10500
6/27/2012,1.74,1.76,1.72,1.74,1.74,6200
6/28/2012,1.75,1.76,1.7,1.73,1.73,6600
6/29/2012,1.76,1.79,1.68,1.74,1.74,21300
7/2/2012,1.83,1.83,1.68,1.69,1.69,62300
7/3/2012,1.68,1.76,1.58,1.64,1.64,27500
7/5/2012,1.62,1.65,1.62,1.62,1.62,9400
7/6/2012,1.61,1.61,1.55,1.55,1.55,21900
7/9/2012,1.62,1.62,1.52,1.59,1.59,27500
7/10/2012,1.63,1.63,1.54,1.62,1.62,37400
7/11/2012,1.6,1.64,1.45,1.45,1.45,35900
7/12/2012,1.53,1.58,1.46,1.54,1.54,14500
7/13/2012,1.54,1.54,1.44,1.52,1.52,32200
7/16/2012,1.47,1.5,1.38,1.44,1.44,41800
7/17/2012,1.45,1.5,1.3,1.37,1.37,37800
7/18/2012,1.41,1.41,1.3,1.32,1.32,61000
7/19/2012,1.3,1.41,1.3,1.4,1.4,5200
7/20/2012,1.35,1.4,1.31,1.39,1.39,9400
7/23/2012,1.36,1.39,1.32,1.32,1.32,8100
7/24/2012,1.31,1.38,1.28,1.36,1.36,27900
7/25/2012,1.38,1.39,1.3,1.3,1.3,7300
7/26/2012,1.31,1.43,1.3,1.37,1.37,8400
7/27/2012,1.31,1.35,1.31,1.33,1.33,7600
7/30/2012,1.36,1.44,1.36,1.42,1.42,14000
7/31/2012,1.45,1.62,1.42,1.49,1.49,59300
8/1/2012,1.48,1.48,1.41,1.42,1.42,10800
8/2/2012,1.42,1.47,1.39,1.4,1.4,5000
8/3/2012,1.36,1.37,1.35,1.36,1.36,11600
8/6/2012,1.36,1.42,1.18,1.29,1.29,35100
8/7/2012,1.33,1.35,1.29,1.32,1.32,23700
8/8/2012,1.3,1.31,1.29,1.29,1.29,5000
8/9/2012,1.26,1.34,1.21,1.27,1.27,37000
8/10/2012,1.26,1.3,1.22,1.3,1.3,8700
8/13/2012,1.27,1.31,1.26,1.27,1.27,8200
8/14/2012,1.29,1.31,1.21,1.31,1.31,9900
8/15/2012,1.33,1.33,1.24,1.26,1.26,15200
8/16/2012,1.22,1.33,1.21,1.22,1.22,14800
8/17/2012,1.23,1.23,1.18,1.19,1.19,19600
8/20/2012,1.18,1.2,1.15,1.17,1.17,36400
8/21/2012,1.2,1.2,1.15,1.19,1.19,31500
8/22/2012,1.19,1.21,1.02,1.14,1.14,38300
8/23/2012,1.07,1.12,1.04,1.06,1.06,16700
8/24/2012,1.09,1.15,1.08,1.14,1.14,16100
8/27/2012,1.1,1.15,1.1,1.14,1.14,4000
8/28/2012,1.16,1.22,1.11,1.12,1.12,18000
8/29/2012,1.08,1.19,1.08,1.14,1.14,18400
8/30/2012,1.18,1.18,1.1,1.1,1.1,3900
8/31/2012,1.11,1.18,1.11,1.14,1.14,8500
9/4/2012,1.16,1.19,1.13,1.19,1.19,8200
9/5/2012,1.16,1.19,1.16,1.19,1.19,9500
9/6/2012,1.16,1.22,1.16,1.21,1.21,12500
9/7/2012,1.23,1.23,1.15,1.23,1.23,7700
9/10/2012,1.21,1.24,1.16,1.18,1.18,7600
9/11/2012,1.17,1.24,1.17,1.19,1.19,4800
9/12/2012,1.16,1.24,1.16,1.24,1.24,4400
9/13/2012,1.19,1.2,1.16,1.17,1.17,11000
9/14/2012,1.15,1.21,1.15,1.18,1.18,4900
9/17/2012,1.23,1.24,1.16,1.22,1.22,21500
9/18/2012,1.23,1.23,1.2,1.23,1.23,1400
9/19/2012,1.21,1.25,1.16,1.17,1.17,25900
9/20/2012,1.22,1.24,1.2,1.24,1.24,27400
9/21/2012,1.25,1.25,1.24,1.24,1.24,15800
9/24/2012,1.22,1.23,1.21,1.21,1.21,21600
9/25/2012,1.22,1.26,1.22,1.22,1.22,7500
9/26/2012,1.21,1.24,1.18,1.19,1.19,13600
9/27/2012,1.17,1.24,1.17,1.17,1.17,4700
9/28/2012,1.17,1.2,1.17,1.17,1.17,6000
10/1/2012,1.17,1.21,1.17,1.17,1.17,5000
10/2/2012,1.19,1.25,1.18,1.23,1.23,2400
10/3/2012,1.21,1.25,1.18,1.2,1.2,3200
10/4/2012,1.21,1.3,1.17,1.18,1.18,42600
10/5/2012,1.25,1.25,1.1,1.11,1.11,8200
10/8/2012,1.12,1.19,1.1,1.13,1.13,9200
10/9/2012,1.12,1.3,1.11,1.12,1.12,14500
10/10/2012,1.21,1.21,1.12,1.15,1.15,10000
10/11/2012,1.17,1.28,1.15,1.26,1.26,11800
10/12/2012,1.17,1.26,1.17,1.17,1.17,14300
10/15/2012,1.22,1.24,1.15,1.22,1.22,28800
10/16/2012,1.18,1.24,1.18,1.23,1.23,2100
10/17/2012,1.2,1.25,1.19,1.24,1.24,7200
10/18/2012,1.25,1.25,1.13,1.13,1.13,14800
10/19/2012,1.18,1.22,1.13,1.21,1.21,2900
10/22/2012,1.22,1.22,1.17,1.17,1.17,7700
10/23/2012,1.2,1.22,1.17,1.22,1.22,12400
10/24/2012,1.22,1.22,1.19,1.21,1.21,2700
10/25/2012,1.17,1.17,1.17,1.17,1.17,200
10/26/2012,1.19,1.19,1.17,1.18,1.18,5400
10/31/2012,1.17,1.21,1.17,1.21,1.21,2600
11/1/2012,1.22,1.23,1.14,1.21,1.21,20700
11/2/2012,1.18,1.24,1.16,1.22,1.22,14300
11/5/2012,1.24,1.26,1.21,1.26,1.26,27900
11/6/2012,1.25,1.3,1.17,1.27,1.27,7700
11/7/2012,1.29,1.29,1.13,1.21,1.21,27800
11/8/2012,1.17,1.2,1.16,1.16,1.16,6200
11/9/2012,1.19,1.23,1.18,1.23,1.23,8800
11/12/2012,1.19,1.24,1.19,1.22,1.22,2700
11/13/2012,1.23,1.25,1.2,1.21,1.21,5600
11/14/2012,1.19,1.25,1.19,1.25,1.25,17700
11/15/2012,1.19,1.2,1.14,1.14,1.14,5000
11/16/2012,1.13,1.21,1.13,1.16,1.16,33000
11/19/2012,1.14,1.21,1.14,1.17,1.17,2200
11/20/2012,1.16,1.22,1.14,1.18,1.18,33000
11/21/2012,1.16,1.18,1.16,1.18,1.18,1800
11/23/2012,1.15,1.21,1.15,1.18,1.18,4200
11/26/2012,1.15,1.2,1.15,1.19,1.19,7000
11/27/2012,1.18,1.18,1.15,1.15,1.15,4800
11/28/2012,1.15,1.2,1.15,1.2,1.2,9400
11/29/2012,1.18,1.24,1.17,1.24,1.24,3400
11/30/2012,1.25,1.25,1.17,1.21,1.21,25400
12/3/2012,1.17,1.2,1.16,1.2,1.2,12300
12/4/2012,1.17,1.23,1.17,1.18,1.18,1200
12/5/2012,1.23,1.23,1.2,1.23,1.23,4300
12/6/2012,1.18,1.23,1.11,1.14,1.14,25500
12/7/2012,1.16,1.17,1.15,1.17,1.17,6400
12/10/2012,1.11,1.17,1.11,1.15,1.15,16600
12/11/2012,1.19,1.19,1.15,1.17,1.17,13300
12/12/2012,1.11,1.18,1.11,1.13,1.13,5300
12/13/2012,1.17,1.17,1.12,1.14,1.14,10500
12/14/2012,1.12,1.24,1.08,1.21,1.21,23900
12/17/2012,1.24,1.24,1.09,1.21,1.21,55500
12/18/2012,1.19,1.22,1.1,1.22,1.22,24900
12/19/2012,1.17,1.24,1.16,1.24,1.24,13700
12/20/2012,1.24,1.24,1.16,1.2,1.2,42100
12/21/2012,1.21,1.25,1.15,1.25,1.25,53300
12/24/2012,1.22,1.23,1.17,1.22,1.22,4500
12/26/2012,1.18,1.24,1.16,1.24,1.24,8500
12/27/2012,1.19,1.3,1.13,1.13,1.13,80200
12/28/2012,1.17,1.23,1.17,1.19,1.19,32900
12/31/2012,1.21,1.5,1.21,1.48,1.48,209500
1/2/2013,1.48,1.95,1.48,1.51,1.51,264400
1/3/2013,1.72,1.94,1.56,1.64,1.64,130900
1/4/2013,1.58,1.8,1.58,1.61,1.61,78300
1/7/2013,1.61,1.75,1.49,1.61,1.61,70500
1/8/2013,1.65,1.66,1.43,1.62,1.62,64500
1/9/2013,1.62,1.8,1.5,1.6,1.6,110200
1/10/2013,1.57,1.66,1.57,1.62,1.62,20800
1/11/2013,1.67,1.68,1.6,1.64,1.64,53900
1/14/2013,1.8,1.8,1.6,1.64,1.64,48600
1/15/2013,1.6,1.65,1.6,1.63,1.63,23900
1/16/2013,1.7,1.76,1.66,1.72,1.72,52200
1/17/2013,1.72,1.78,1.72,1.72,1.72,23000
1/18/2013,1.75,1.75,1.72,1.74,1.74,65600
1/22/2013,1.8,1.8,1.75,1.79,1.79,52500
1/23/2013,1.82,1.98,1.75,1.9,1.9,187900
1/24/2013,1.9,2,1.9,1.94,1.94,97100
1/25/2013,1.97,1.98,1.85,1.85,1.85,29900
1/28/2013,1.85,1.95,1.85,1.87,1.87,23800
1/29/2013,1.79,1.95,1.71,1.91,1.91,192800
1/30/2013,1.89,1.9,1.83,1.88,1.88,42100
1/31/2013,1.86,1.87,1.8,1.87,1.87,22600
2/1/2013,1.87,1.87,1.8,1.81,1.81,10800
2/4/2013,1.76,1.86,1.76,1.8,1.8,33100
2/5/2013,1.8,1.84,1.8,1.82,1.82,34000
2/6/2013,1.85,1.92,1.83,1.86,1.86,30100
2/7/2013,1.86,1.89,1.86,1.86,1.86,19900
2/8/2013,1.9,1.9,1.82,1.88,1.88,44600
2/11/2013,1.85,1.9,1.85,1.85,1.85,21400
2/12/2013,1.83,1.89,1.83,1.87,1.87,9300
2/13/2013,1.88,1.88,1.85,1.86,1.86,6000
2/14/2013,1.85,1.87,1.83,1.85,1.85,11000
2/15/2013,1.86,1.88,1.83,1.87,1.87,20400
2/19/2013,1.88,1.95,1.88,1.93,1.93,93600
2/20/2013,1.93,2.04,1.93,1.98,1.98,32100
2/21/2013,2.02,2.06,1.98,2.01,2.01,55200
2/22/2013,2.1,2.15,2.02,2.09,2.09,116900
2/25/2013,2.05,2.17,2.05,2.1,2.1,64700
2/26/2013,2.1,2.11,2,2.02,2.02,80500
2/27/2013,2.05,2.06,2.02,2.02,2.02,3300
2/28/2013,2.03,2.03,2,2,2,47700
3/1/2013,1.98,2.02,1.83,1.99,1.99,72300
3/4/2013,1.96,1.99,1.88,1.99,1.99,18800
3/5/2013,1.99,1.99,1.97,1.97,1.97,19400
3/6/2013,1.98,2,1.97,1.98,1.98,5700
3/7/2013,1.93,2,1.89,1.98,1.98,13800
3/8/2013,2.04,2.08,1.98,1.99,1.99,41100
3/11/2013,2.03,2.07,1.98,2,2,35800
3/12/2013,2,2.06,2,2.03,2.03,17000
3/13/2013,2.05,2.08,2,2.07,2.07,55600
3/14/2013,2.06,2.08,2.01,2.02,2.02,39300
3/15/2013,2.02,2.05,2.02,2.03,2.03,33100
3/18/2013,2.02,2.06,2.02,2.05,2.05,52300
3/19/2013,2.02,2.05,2.01,2.02,2.02,34400
3/20/2013,2.02,2.03,2,2.02,2.02,38200
3/21/2013,2.01,2.04,2.01,2.04,2.04,20200
3/22/2013,2.04,2.05,2.01,2.01,2.01,112200
3/25/2013,2.04,2.05,2.02,2.05,2.05,29000
3/26/2013,2.05,2.07,2.05,2.05,2.05,32000
3/27/2013,2.06,2.1,2.05,2.06,2.06,64500
3/28/2013,2.06,2.06,2.05,2.05,2.05,24800
4/1/2013,2.02,2.08,2.02,2.05,2.05,17200
4/2/2013,2.05,2.08,2.03,2.03,2.03,19200
4/3/2013,2.06,2.06,2.04,2.04,2.04,9700
4/4/2013,2.07,2.07,2.04,2.04,2.04,3500
4/5/2013,2.07,2.08,2.05,2.06,2.06,8200
4/8/2013,2.07,2.08,2.06,2.08,2.08,5000
4/9/2013,2.07,2.08,2.07,2.07,2.07,43600
4/10/2013,2.08,2.08,2.07,2.07,2.07,6700
4/11/2013,2.08,2.1,2.07,2.08,2.08,50000
4/12/2013,2.08,2.09,2.08,2.08,2.08,2200
4/15/2013,2.08,2.11,2.08,2.11,2.11,12300
4/16/2013,2.05,2.09,2.05,2.08,2.08,16300
4/17/2013,2.12,2.12,2.06,2.07,2.07,13900
4/18/2013,2.07,2.08,2.07,2.07,2.07,10900
4/19/2013,2.07,2.07,1.91,1.96,1.96,16300
4/22/2013,1.97,2.03,1.97,1.97,1.97,8200
4/23/2013,1.97,2.05,1.95,1.95,1.95,33100
4/24/2013,1.95,2.1,1.83,1.97,1.97,23600
4/25/2013,1.95,1.98,1.86,1.86,1.86,11400
4/26/2013,1.88,1.9,1.86,1.87,1.87,3600
4/29/2013,1.87,1.94,1.87,1.88,1.88,8700
4/30/2013,1.87,2.14,1.87,2.01,2.01,50800
5/1/2013,1.99,2.09,1.95,2.04,2.04,20700
5/2/2013,2.01,2.01,2,2,2,9000
5/3/2013,1.98,1.98,1.89,1.89,1.89,8600
5/6/2013,1.9,2.02,1.9,1.97,1.97,7000
5/7/2013,1.94,2,1.92,1.92,1.92,7200
5/8/2013,1.9,1.9,1.88,1.89,1.89,4500
5/9/2013,1.87,1.92,1.79,1.79,1.79,14700
5/10/2013,1.82,2.05,1.76,2.04,2.04,52200
5/13/2013,2.05,2.05,1.87,1.95,1.95,8600
5/14/2013,2,2.05,1.89,1.99,1.99,16500
5/15/2013,1.93,2,1.86,1.99,1.99,15900
5/16/2013,1.96,2.04,1.87,2,2,9800
5/17/2013,1.88,1.98,1.88,1.98,1.98,11700
5/20/2013,1.98,2.05,1.91,1.95,1.95,17600
5/21/2013,2,2.02,1.92,2.02,2.02,4400
5/22/2013,2.01,2.01,1.95,1.96,1.96,10300
5/23/2013,2.01,2.01,1.83,1.94,1.94,9100
5/24/2013,2,2.01,1.95,2,2,14100
5/28/2013,2.01,2.1,1.96,2,2,42000
5/29/2013,1.96,2.05,1.96,1.96,1.96,10100
5/30/2013,2,2,1.92,1.92,1.92,1800
5/31/2013,1.9,1.95,1.9,1.92,1.92,5700
6/3/2013,1.91,2,1.91,1.95,1.95,11000
6/4/2013,1.95,1.97,1.86,1.91,1.91,9500
6/5/2013,1.9,1.9,1.85,1.86,1.86,2400
6/6/2013,2,2.02,1.87,2,2,25700
6/7/2013,2,2,1.86,1.9,1.9,21500
6/10/2013,1.86,2,1.86,1.99,1.99,12200
6/11/2013,1.93,2,1.93,2,2,1900
6/12/2013,1.96,2.01,1.9,2,2,9900
6/13/2013,1.95,2.01,1.91,2,2,5600
6/14/2013,2.01,2.01,1.9,1.96,1.96,10400
6/17/2013,1.98,1.98,1.9,1.95,1.95,3300
6/18/2013,1.97,2,1.7,1.97,1.97,63400
6/19/2013,1.92,1.98,1.83,1.97,1.97,9000
6/20/2013,1.87,1.97,1.82,1.93,1.93,13900
6/21/2013,1.89,2,1.85,1.92,1.92,42300
6/24/2013,1.99,2,1.8,1.99,1.99,26200
6/25/2013,1.98,1.99,1.86,1.93,1.93,5500
6/26/2013,1.91,1.99,1.81,1.91,1.91,3400
6/27/2013,1.93,1.95,1.82,1.94,1.94,2300
6/28/2013,1.89,1.95,1.79,1.9,1.9,17300
7/1/2013,1.82,1.95,1.82,1.9,1.9,17000
7/2/2013,1.95,1.96,1.9,1.96,1.96,23200
7/3/2013,1.92,1.93,1.9,1.9,1.9,3000
7/5/2013,1.86,1.95,1.86,1.92,1.92,15300
7/8/2013,1.95,1.96,1.87,1.96,1.96,14000
7/9/2013,1.9,1.96,1.87,1.93,1.93,4200
7/10/2013,1.96,1.97,1.91,1.92,1.92,6600
7/11/2013,1.95,1.99,1.91,1.92,1.92,25700
7/12/2013,1.91,1.99,1.91,1.93,1.93,11700
7/15/2013,1.9,1.93,1.9,1.9,1.9,15700
7/16/2013,1.9,1.91,1.9,1.91,1.91,18200
7/17/2013,1.99,1.99,1.9,1.9,1.9,12300
7/18/2013,1.9,1.97,1.9,1.92,1.92,8100
7/19/2013,1.9,1.97,1.9,1.9,1.9,2600
7/22/2013,1.89,1.94,1.86,1.9,1.9,18200
7/23/2013,1.89,1.94,1.89,1.9,1.9,7200
7/24/2013,1.9,1.94,1.9,1.9,1.9,2000
7/25/2013,1.94,1.94,1.86,1.87,1.87,8300
7/26/2013,1.87,1.92,1.87,1.89,1.89,12200
7/29/2013,1.87,1.9,1.87,1.88,1.88,6600
7/30/2013,1.88,1.9,1.88,1.88,1.88,1600
7/31/2013,1.88,1.9,1.87,1.89,1.89,21100
8/1/2013,1.9,1.9,1.87,1.89,1.89,3400
8/2/2013,1.87,1.91,1.87,1.9,1.9,29100
8/5/2013,1.92,1.96,1.9,1.94,1.94,13100
8/6/2013,1.96,1.96,1.91,1.93,1.93,1900
8/7/2013,1.9,1.93,1.9,1.91,1.91,2500
8/8/2013,1.9,1.92,1.9,1.92,1.92,7000
8/9/2013,1.9,1.92,1.9,1.91,1.91,6800
8/12/2013,1.87,1.9,1.85,1.85,1.85,33600
8/13/2013,1.85,1.92,1.85,1.89,1.89,9700
8/14/2013,1.92,1.92,1.86,1.88,1.88,16400
8/15/2013,1.89,1.92,1.89,1.89,1.89,1100
8/16/2013,1.85,1.88,1.85,1.86,1.86,5500
8/19/2013,1.9,1.9,1.86,1.87,1.87,1300
8/20/2013,1.85,1.86,1.85,1.85,1.85,5800
8/21/2013,1.85,1.86,1.84,1.85,1.85,5000
8/22/2013,1.85,1.86,1.78,1.84,1.84,32900
8/23/2013,1.81,1.83,1.7,1.78,1.78,37600
8/26/2013,1.75,1.77,1.71,1.74,1.74,18600
8/27/2013,1.76,1.76,1.66,1.71,1.71,3900
8/28/2013,1.73,1.84,1.72,1.8,1.8,62000
8/29/2013,1.76,1.84,1.74,1.8,1.8,14700
8/30/2013,1.74,1.77,1.74,1.77,1.77,2100
9/3/2013,1.74,1.91,1.74,1.74,1.74,26000
9/4/2013,1.75,1.92,1.75,1.83,1.83,44900
9/5/2013,1.78,1.94,1.78,1.94,1.94,76900
9/6/2013,1.9,1.96,1.85,1.96,1.96,47000
9/9/2013,1.95,1.95,1.83,1.9,1.9,10000
9/10/2013,1.9,1.9,1.84,1.84,1.84,7300
9/11/2013,1.85,1.9,1.84,1.87,1.87,9500
9/12/2013,1.86,1.95,1.85,1.85,1.85,9200
9/13/2013,1.86,1.95,1.85,1.95,1.95,2300
9/16/2013,1.95,1.95,1.86,1.86,1.86,3300
9/17/2013,1.94,1.94,1.85,1.91,1.91,2500
9/18/2013,1.91,1.96,1.86,1.95,1.95,19800
9/19/2013,1.86,1.89,1.86,1.87,1.87,20000
9/20/2013,1.89,1.91,1.86,1.86,1.86,6700
9/23/2013,1.89,1.89,1.86,1.87,1.87,1600
9/24/2013,1.88,1.88,1.86,1.86,1.86,3500
9/25/2013,1.88,1.89,1.86,1.89,1.89,5700
9/26/2013,1.92,1.92,1.86,1.86,1.86,2000
9/27/2013,1.87,1.9,1.86,1.87,1.87,12100
9/30/2013,1.9,1.9,1.87,1.87,1.87,1800
10/1/2013,1.85,1.88,1.85,1.86,1.86,22800
10/2/2013,1.87,1.87,1.82,1.82,1.82,700
10/3/2013,1.83,1.84,1.83,1.83,1.83,7500
10/4/2013,1.86,1.88,1.84,1.88,1.88,19100
10/7/2013,1.83,1.83,1.83,1.83,1.83,5300
10/8/2013,1.82,1.89,1.73,1.84,1.84,12300
10/9/2013,1.82,1.84,1.82,1.84,1.84,700
10/10/2013,1.87,1.87,1.79,1.85,1.85,6500
10/11/2013,1.87,1.87,1.73,1.81,1.81,1700
10/14/2013,1.79,1.8,1.79,1.8,1.8,500
10/15/2013,1.77,1.8,1.77,1.8,1.8,4800
10/16/2013,1.8,1.82,1.8,1.8,1.8,8300
10/17/2013,1.75,1.82,1.74,1.74,1.74,10000
10/18/2013,1.73,1.74,1.65,1.69,1.69,16700
10/21/2013,1.73,1.73,1.73,1.73,1.73,9700
10/22/2013,1.73,1.78,1.73,1.76,1.76,3300
10/23/2013,1.86,1.89,1.78,1.78,1.78,21000
10/24/2013,1.79,1.82,1.74,1.74,1.74,13200
10/25/2013,1.69,1.83,1.69,1.75,1.75,12100
10/28/2013,1.78,1.79,1.75,1.75,1.75,2000
10/29/2013,1.75,1.82,1.75,1.81,1.81,5800
10/30/2013,1.8,1.81,1.77,1.77,1.77,8600
10/31/2013,1.75,1.75,1.75,1.75,1.75,2600
11/1/2013,1.75,1.77,1.75,1.77,1.77,7300
11/4/2013,1.74,1.77,1.71,1.73,1.73,9000
11/5/2013,1.74,1.75,1.74,1.74,1.74,2400
11/6/2013,1.78,1.79,1.71,1.71,1.71,3800
11/7/2013,1.7,1.76,1.69,1.71,1.71,3600
11/8/2013,1.74,1.74,1.66,1.7,1.7,6900
11/11/2013,1.68,1.68,1.62,1.64,1.64,16800
11/12/2013,1.67,1.67,1.65,1.65,1.65,4700
11/13/2013,1.63,1.66,1.6,1.66,1.66,14900
11/14/2013,1.64,1.64,1.6,1.63,1.63,7200
11/15/2013,1.6,1.6,1.51,1.52,1.52,17000
11/18/2013,1.57,1.6,1.57,1.59,1.59,6000
11/19/2013,1.57,1.59,1.53,1.54,1.54,800
11/20/2013,1.55,1.59,1.52,1.52,1.52,5300
11/21/2013,1.52,1.54,1.51,1.51,1.51,5000
11/22/2013,1.5,1.5,1.41,1.41,1.41,16000
11/25/2013,1.47,1.49,1.47,1.49,1.49,14000
11/26/2013,1.5,1.5,1.48,1.48,1.48,1700
11/27/2013,1.46,1.49,1.44,1.47,1.47,4600
11/29/2013,1.48,1.7,1.45,1.69,1.69,30700
12/2/2013,1.65,1.68,1.52,1.67,1.67,30300
12/3/2013,1.63,1.63,1.54,1.6,1.6,5700
12/4/2013,1.56,1.66,1.55,1.59,1.59,10400
12/5/2013,1.62,1.7,1.55,1.65,1.65,19200
12/6/2013,1.56,1.58,1.55,1.55,1.55,16200
12/9/2013,1.55,1.6,1.55,1.59,1.59,3600
12/10/2013,1.59,1.59,1.54,1.54,1.54,4000
12/11/2013,1.55,1.59,1.55,1.59,1.59,4000
12/12/2013,1.6,1.6,1.59,1.6,1.6,10600
12/13/2013,1.57,1.59,1.55,1.55,1.55,2700
12/16/2013,1.55,1.55,1.47,1.53,1.53,32900
12/17/2013,1.5,1.5,1.48,1.49,1.49,6400
12/18/2013,1.53,1.53,1.47,1.5,1.5,6000
12/19/2013,1.47,1.54,1.43,1.54,1.54,5000
12/20/2013,1.48,1.48,1.46,1.46,1.46,2800
12/23/2013,1.45,1.54,1.45,1.46,1.46,16600
12/24/2013,1.46,1.59,1.46,1.46,1.46,10300
12/26/2013,1.45,1.58,1.45,1.58,1.58,25100
12/27/2013,1.53,1.58,1.45,1.5,1.5,22600
12/30/2013,1.48,1.62,1.45,1.51,1.51,43200
12/31/2013,1.52,1.57,1.52,1.55,1.55,13800
1/2/2014,1.61,1.74,1.58,1.65,1.65,19700
1/3/2014,1.73,1.73,1.52,1.6,1.6,41600
1/6/2014,1.59,1.63,1.54,1.6,1.6,13200
1/7/2014,1.56,1.58,1.53,1.57,1.57,9500
1/8/2014,1.6,1.72,1.55,1.62,1.62,13400
1/9/2014,1.68,1.69,1.63,1.67,1.67,4400
1/10/2014,1.61,1.77,1.6,1.74,1.74,19800
1/13/2014,1.77,1.81,1.66,1.71,1.71,24600
1/14/2014,1.8,1.81,1.76,1.79,1.79,10300
1/15/2014,1.82,1.87,1.82,1.83,1.83,11100
1/16/2014,1.77,1.84,1.6,1.74,1.74,20800
1/17/2014,1.7,1.81,1.7,1.74,1.74,24300
1/21/2014,1.78,1.99,1.76,1.9,1.9,59100
1/22/2014,1.85,1.89,1.78,1.86,1.86,37000
1/23/2014,1.88,1.88,1.75,1.8,1.8,8000
1/24/2014,1.85,1.89,1.76,1.89,1.89,34700
1/27/2014,1.84,1.84,1.76,1.77,1.77,8500
1/28/2014,1.7,1.79,1.7,1.79,1.79,3400
1/29/2014,1.8,1.8,1.7,1.7,1.7,1800
1/30/2014,1.76,1.78,1.64,1.73,1.73,11000
1/31/2014,1.73,1.73,1.66,1.66,1.66,14700
2/3/2014,1.64,1.69,1.62,1.65,1.65,12700
2/4/2014,1.62,1.68,1.62,1.65,1.65,2200
2/5/2014,1.62,1.7,1.62,1.7,1.7,3700
2/6/2014,1.7,1.73,1.63,1.65,1.65,12600
2/7/2014,1.69,1.73,1.68,1.73,1.73,8100
2/10/2014,1.75,1.81,1.73,1.75,1.75,2300
2/11/2014,1.74,1.82,1.72,1.73,1.73,2800
2/12/2014,1.75,1.75,1.7,1.7,1.7,1800
2/13/2014,1.68,1.82,1.61,1.66,1.66,9700
2/14/2014,1.82,1.82,1.68,1.69,1.69,22500
2/18/2014,1.75,1.83,1.71,1.83,1.83,21800
2/19/2014,1.8,1.89,1.68,1.68,1.68,301800
2/20/2014,1.78,1.78,1.6,1.61,1.61,191200
2/21/2014,1.62,1.72,1.53,1.58,1.58,68200
2/24/2014,1.7,1.71,1.63,1.67,1.67,24000
2/25/2014,1.64,1.71,1.64,1.7,1.7,8300
2/26/2014,1.7,1.8,1.65,1.71,1.71,47500
2/27/2014,1.73,1.75,1.69,1.75,1.75,8400
2/28/2014,1.75,1.75,1.75,1.75,1.75,0
3/3/2014,1.71,1.71,1.68,1.71,1.71,10300
3/4/2014,1.7,1.71,1.68,1.69,1.69,8200
3/5/2014,1.68,1.73,1.68,1.73,1.73,30800
3/6/2014,1.77,1.77,1.64,1.64,1.64,29600
3/7/2014,1.64,1.76,1.62,1.7,1.7,76300
3/10/2014,1.69,1.73,1.64,1.73,1.73,10500
3/11/2014,1.67,1.75,1.63,1.73,1.73,71100
3/12/2014,1.65,1.74,1.65,1.72,1.72,13600
3/13/2014,1.68,1.74,1.53,1.54,1.54,170600
3/14/2014,1.62,1.62,1.55,1.6,1.6,13600
3/17/2014,1.6,1.6,1.56,1.6,1.6,19500
3/18/2014,1.56,1.64,1.56,1.59,1.59,82300
3/19/2014,1.63,1.64,1.55,1.59,1.59,61500
3/20/2014,1.56,1.56,1.54,1.56,1.56,8100
3/21/2014,1.58,1.61,1.54,1.54,1.54,9700
3/24/2014,1.6,1.6,1.51,1.55,1.55,42400
3/25/2014,1.56,1.67,1.55,1.67,1.67,298400
3/26/2014,1.68,1.69,1.54,1.55,1.55,175000
3/27/2014,1.55,1.58,1.54,1.57,1.57,62800
3/28/2014,1.57,1.63,1.53,1.6,1.6,39200
3/31/2014,1.65,2.1,1.56,1.96,1.96,1097600
4/1/2014,1.88,1.93,1.71,1.81,1.81,241000
4/2/2014,1.77,1.82,1.7,1.78,1.78,78600
4/3/2014,1.78,1.78,1.7,1.71,1.71,60700
4/4/2014,1.7,1.81,1.63,1.66,1.66,62000
4/7/2014,1.64,1.74,1.62,1.69,1.69,30100
4/8/2014,1.73,1.77,1.7,1.75,1.75,36200
4/9/2014,1.78,1.78,1.69,1.71,1.71,17800
4/10/2014,1.66,1.77,1.66,1.71,1.71,9100
4/11/2014,1.77,1.77,1.65,1.69,1.69,22600
4/14/2014,1.73,1.78,1.66,1.68,1.68,17900
4/15/2014,1.72,1.72,1.59,1.61,1.61,20900
4/16/2014,1.64,1.67,1.61,1.64,1.64,8200
4/17/2014,1.67,1.68,1.63,1.65,1.65,31200
4/21/2014,1.67,1.69,1.65,1.66,1.66,7200
4/22/2014,1.69,1.7,1.67,1.7,1.7,25800
4/23/2014,1.7,1.7,1.63,1.65,1.65,17200
4/24/2014,1.63,1.71,1.63,1.65,1.65,41100
4/25/2014,1.71,1.71,1.64,1.69,1.69,51500
4/28/2014,1.7,1.7,1.63,1.7,1.7,9000
4/29/2014,1.7,1.7,1.64,1.69,1.69,5600
4/30/2014,1.68,1.68,1.63,1.65,1.65,8900
5/1/2014,1.69,1.69,1.65,1.65,1.65,3100
5/2/2014,1.66,1.7,1.66,1.7,1.7,10500
5/5/2014,1.67,1.69,1.67,1.67,1.67,800
5/6/2014,1.7,1.71,1.65,1.65,1.65,14200
5/7/2014,1.68,1.73,1.65,1.65,1.65,2200
5/8/2014,1.71,1.71,1.59,1.64,1.64,33500
5/9/2014,1.62,1.64,1.59,1.6,1.6,7500
5/12/2014,1.58,1.59,1.56,1.57,1.57,24900
5/13/2014,1.56,1.56,1.52,1.54,1.54,36900
5/14/2014,1.52,1.54,1.5,1.51,1.51,14000
5/15/2014,1.54,1.59,1.52,1.59,1.59,18300
5/16/2014,1.5,1.5,1.15,1.15,1.15,188400
5/19/2014,1.35,1.49,1.23,1.29,1.29,192600
5/20/2014,1.35,1.42,1.32,1.35,1.35,20400
5/21/2014,1.37,1.4,1.35,1.36,1.36,36000
5/22/2014,1.36,1.39,1.3,1.32,1.32,11900
5/23/2014,1.36,1.4,1.32,1.35,1.35,16800
5/27/2014,1.32,1.35,1.31,1.31,1.31,19000
5/28/2014,1.35,1.35,1.29,1.31,1.31,8700
5/29/2014,1.3,1.32,1.29,1.29,1.29,10200
5/30/2014,1.3,1.35,1.3,1.34,1.34,9700
6/2/2014,1.37,1.37,1.34,1.34,1.34,3100
6/3/2014,1.37,1.38,1.36,1.37,1.37,10000
6/4/2014,1.38,1.38,1.36,1.37,1.37,2900
6/5/2014,1.36,1.37,1.27,1.27,1.27,25600
6/6/2014,1.3,1.33,1.3,1.31,1.31,29400
6/9/2014,1.31,1.33,1.23,1.25,1.25,56700
6/10/2014,1.28,1.28,1.2,1.2,1.2,63900
6/11/2014,1.21,1.28,1.21,1.25,1.25,10800
6/12/2014,1.28,1.3,1.26,1.29,1.29,23900
6/13/2014,1.29,1.31,1.24,1.31,1.31,12900
6/16/2014,1.28,1.28,1.24,1.27,1.27,17500
6/17/2014,1.25,1.29,1.24,1.27,1.27,13900
6/18/2014,1.24,1.27,1.22,1.24,1.24,21200
6/19/2014,1.21,1.25,1.21,1.21,1.21,18300
6/20/2014,1.21,1.26,1.21,1.26,1.26,20100
6/23/2014,1.26,1.27,1.22,1.27,1.27,1800
6/24/2014,1.21,1.25,1.21,1.23,1.23,9100
6/25/2014,1.21,1.23,1.16,1.19,1.19,24500
6/26/2014,1.16,1.22,1.16,1.21,1.21,24600
6/27/2014,1.22,1.24,1.18,1.22,1.22,35400
6/30/2014,1.22,1.25,1.22,1.22,1.22,5900
7/1/2014,1.18,1.23,1.18,1.19,1.19,10700
7/2/2014,1.19,1.22,1.19,1.19,1.19,5200
7/3/2014,1.21,1.23,1.19,1.2,1.2,25100
7/7/2014,1.19,1.28,1.19,1.23,1.23,73000
7/8/2014,1.25,1.39,1.25,1.31,1.31,50400
7/9/2014,1.31,1.32,1.29,1.3,1.3,27900
7/10/2014,1.27,1.35,1.27,1.35,1.35,68800
7/11/2014,1.36,1.46,1.36,1.45,1.45,121300
7/14/2014,1.42,1.46,1.4,1.42,1.42,18700
7/15/2014,1.42,1.43,1.34,1.4,1.4,25500
7/16/2014,1.38,1.45,1.38,1.45,1.45,3200
7/17/2014,1.45,1.45,1.36,1.36,1.36,16100
7/18/2014,1.41,1.41,1.36,1.37,1.37,3500
7/21/2014,1.39,1.39,1.31,1.35,1.35,92200
7/22/2014,1.36,1.41,1.33,1.4,1.4,72800
7/23/2014,1.43,1.43,1.4,1.43,1.43,2400
7/24/2014,1.43,1.45,1.34,1.37,1.37,33600
7/25/2014,1.4,1.41,1.37,1.41,1.41,6900
7/28/2014,1.41,1.41,1.37,1.4,1.4,6800
7/29/2014,1.38,1.39,1.35,1.39,1.39,10600
7/30/2014,1.34,1.38,1.34,1.38,1.38,2100
7/31/2014,1.35,1.39,1.34,1.36,1.36,10900
8/1/2014,1.3,1.38,1.25,1.27,1.27,38300
8/4/2014,1.27,1.33,1.22,1.33,1.33,44800
8/5/2014,1.33,1.33,1.32,1.32,1.32,5900
8/6/2014,1.33,1.35,1.3,1.31,1.31,4100
8/7/2014,1.29,1.35,1.24,1.29,1.29,6000
8/8/2014,1.24,1.29,1.22,1.22,1.22,18100
8/11/2014,1.35,1.35,1.21,1.23,1.23,24400
8/12/2014,1.28,1.28,1.23,1.23,1.23,10900
8/13/2014,1.23,1.23,1.21,1.22,1.22,2400
8/14/2014,1.28,1.34,1.2,1.23,1.23,27500
8/15/2014,1.27,1.27,1.24,1.27,1.27,3600
8/18/2014,1.32,1.33,1.2,1.21,1.21,15800
8/19/2014,1.3,1.3,1.21,1.21,1.21,40600
8/20/2014,1.25,1.28,1.23,1.28,1.28,9500
8/21/2014,1.23,1.3,1.21,1.22,1.22,14500
8/22/2014,1.21,1.22,1.2,1.21,1.21,13400
8/25/2014,1.21,1.33,1.21,1.27,1.27,17200
8/26/2014,1.21,1.29,1.21,1.24,1.24,26100
8/27/2014,1.27,1.27,1.24,1.25,1.25,18200
8/28/2014,1.26,1.26,1.23,1.23,1.23,6200
8/29/2014,1.23,1.3,1.21,1.28,1.28,32500
9/2/2014,1.25,1.28,1.24,1.28,1.28,15600
9/3/2014,1.28,1.29,1.27,1.29,1.29,6500
9/4/2014,1.28,1.3,1.28,1.3,1.3,5200
9/5/2014,1.28,1.38,1.28,1.35,1.35,99800
9/8/2014,1.29,1.32,1.27,1.27,1.27,8000
9/9/2014,1.31,1.35,1.27,1.28,1.28,39700
9/10/2014,1.28,1.35,1.28,1.35,1.35,13000
9/11/2014,1.35,1.38,1.34,1.34,1.34,37900
9/12/2014,1.35,1.36,1.29,1.3,1.3,17900
9/15/2014,1.3,1.32,1.25,1.29,1.29,12600
9/16/2014,1.28,1.32,1.28,1.32,1.32,11600
9/17/2014,1.26,1.32,1.26,1.31,1.31,7600
9/18/2014,1.3,1.32,1.25,1.31,1.31,3500
9/19/2014,1.29,1.37,1.26,1.37,1.37,25600
9/22/2014,1.35,1.35,1.29,1.32,1.32,9600
9/23/2014,1.34,1.38,1.26,1.31,1.31,42500
9/24/2014,1.31,1.37,1.31,1.35,1.35,4900
9/25/2014,1.32,1.73,1.26,1.5,1.5,599400
9/26/2014,1.57,1.57,1.34,1.41,1.41,100700
9/29/2014,1.34,1.39,1.3,1.32,1.32,39700
9/30/2014,1.37,1.37,1.3,1.33,1.33,22700
10/1/2014,1.3,1.34,1.24,1.32,1.32,37900
10/2/2014,1.28,1.34,1.24,1.31,1.31,17700
10/3/2014,1.24,1.33,1.23,1.31,1.31,53600
10/6/2014,1.34,1.35,1.3,1.33,1.33,31600
10/7/2014,1.25,1.33,1.25,1.28,1.28,4300
10/8/2014,1.31,1.31,1.2,1.29,1.29,45800
10/9/2014,1.23,1.31,1.23,1.26,1.26,9200
10/10/2014,1.29,1.29,1.24,1.25,1.25,9300
10/13/2014,1.25,1.29,1.24,1.26,1.26,15200
10/14/2014,1.26,1.28,1.22,1.28,1.28,6600
10/15/2014,1.28,1.28,1.21,1.23,1.23,14700
10/16/2014,1.26,1.28,1.24,1.27,1.27,9500
10/17/2014,1.24,1.27,1.24,1.25,1.25,5200
10/20/2014,1.24,1.27,1.24,1.24,1.24,1600
10/21/2014,1.23,1.27,1.21,1.23,1.23,26200
10/22/2014,1.23,1.27,1.23,1.27,1.27,5900
10/23/2014,1.26,1.26,1.2,1.24,1.24,9600
10/24/2014,1.23,1.28,1.21,1.24,1.24,31400
10/27/2014,1.27,1.29,1.2,1.24,1.24,11700
10/28/2014,1.25,1.32,1.21,1.24,1.24,25600
10/29/2014,1.25,1.25,1.21,1.22,1.22,20100
10/30/2014,1.23,1.32,1.2,1.26,1.26,30900
10/31/2014,1.3,1.3,1.17,1.22,1.22,22300
11/3/2014,1.26,1.26,1.23,1.24,1.24,14200
11/4/2014,1.27,1.27,1.21,1.23,1.23,11700
11/5/2014,1.24,1.24,1.21,1.21,1.21,7400
11/6/2014,1.2,1.2,1.17,1.18,1.18,4500
11/7/2014,1.16,1.2,1.16,1.18,1.18,15400
11/10/2014,1.19,1.22,1.19,1.21,1.21,13700
11/11/2014,1.2,1.21,1.2,1.2,1.2,2300
11/12/2014,1.2,1.2,1.18,1.18,1.18,11900
11/13/2014,1.18,1.18,1.15,1.18,1.18,9200
11/14/2014,1.18,1.2,1.17,1.19,1.19,4300
11/17/2014,1.23,1.23,1.12,1.12,1.12,39600
11/18/2014,1.14,1.15,1.12,1.14,1.14,6700
11/19/2014,1.15,1.15,1.11,1.14,1.14,7400
11/20/2014,1.14,1.14,1.04,1.07,1.07,34100
11/21/2014,1.05,1.07,1.03,1.04,1.04,20100
11/24/2014,1.04,1.13,1.03,1.05,1.05,41000
11/25/2014,1.09,1.1,1.06,1.08,1.08,38300
11/26/2014,1.06,1.19,1.06,1.11,1.11,61400
11/28/2014,1.08,1.18,1.08,1.1,1.1,9900
12/1/2014,1.08,1.2,1.08,1.15,1.15,11800
12/2/2014,1.1,1.18,1.1,1.11,1.11,12300
12/3/2014,1.1,1.14,1.1,1.11,1.11,13200
12/4/2014,1.11,1.19,1.08,1.08,1.08,15900
12/5/2014,1.1,1.18,1.1,1.16,1.16,23100
12/8/2014,1.18,1.18,1.09,1.1,1.1,8200
12/9/2014,1.16,1.16,1.12,1.12,1.12,900
12/10/2014,1.1,1.12,1.08,1.08,1.08,8600
12/11/2014,1.12,1.18,1.03,1.05,1.05,33800
12/12/2014,1.05,1.11,1.03,1.03,1.03,14700
12/15/2014,1.03,1.07,0.97,0.97,0.97,24400
12/16/2014,1.12,1.12,0.85,0.98,0.98,29000
12/17/2014,0.96,0.97,0.91,0.93,0.93,33100
12/18/2014,0.97,1.04,0.88,0.91,0.91,44200
12/19/2014,0.91,0.93,0.82,0.93,0.93,117900
12/22/2014,0.88,0.95,0.84,0.92,0.92,27800
12/23/2014,0.9,0.95,0.88,0.9,0.9,10600
12/24/2014,0.92,0.95,0.92,0.95,0.95,4100
12/26/2014,0.95,1,0.95,1,1,18000
12/29/2014,1,1.1,1,1.1,1.1,47900
12/30/2014,1.09,1.09,1,1.07,1.07,38500
12/31/2014,1.09,1.09,1,1.04,1.04,64500
1/2/2015,1.04,1.08,1.02,1.03,1.03,11700
1/5/2015,1.1,1.15,1.1,1.11,1.11,51100
1/6/2015,1.1,1.21,1.1,1.21,1.21,13700
1/7/2015,1.21,1.22,1.02,1.15,1.15,46400
1/8/2015,1.15,1.18,1.1,1.11,1.11,29600
1/9/2015,1.14,1.16,1.1,1.15,1.15,28500
1/12/2015,1.25,1.25,1.11,1.12,1.12,93000
1/13/2015,1.13,1.23,1.13,1.19,1.19,1100
1/14/2015,1.13,1.15,1.05,1.06,1.06,30200
1/15/2015,1.12,1.12,1.06,1.07,1.07,20700
1/16/2015,1.06,1.1,0.9,0.98,0.98,76800
1/20/2015,0.98,0.99,0.92,0.92,0.92,39000
1/21/2015,0.95,1.04,0.86,1.04,1.04,41700
1/22/2015,1.04,1.04,1,1.01,1.01,4500
1/23/2015,0.98,1.02,0.95,0.97,0.97,35300
1/26/2015,1,1,0.97,0.99,0.99,11000
1/27/2015,0.96,1.04,0.96,0.97,0.97,10400
1/28/2015,1.02,1.02,0.98,0.99,0.99,8700
1/29/2015,1,1.01,0.98,0.98,0.98,5600
1/30/2015,0.97,0.99,0.95,0.95,0.95,12400
2/2/2015,0.95,0.97,0.95,0.95,0.95,15400
2/3/2015,0.95,0.98,0.95,0.96,0.96,11400
2/4/2015,1,1,0.95,0.95,0.95,7500
2/5/2015,1,1,0.95,0.98,0.98,4100
2/6/2015,0.95,1,0.95,0.97,0.97,17800
2/9/2015,0.95,0.99,0.95,0.95,0.95,22800
2/10/2015,0.98,0.98,0.95,0.95,0.95,18100
2/11/2015,0.95,0.97,0.93,0.93,0.93,4900
2/12/2015,0.93,0.97,0.9,0.91,0.91,16800
2/13/2015,0.9,1.02,0.87,0.9,0.9,61100
2/17/2015,0.92,0.95,0.91,0.92,0.92,26200
2/18/2015,0.96,0.96,0.92,0.95,0.95,13700
2/19/2015,0.95,0.95,0.92,0.92,0.92,1200
2/20/2015,0.9,0.95,0.9,0.93,0.93,2400
2/23/2015,0.94,0.94,0.92,0.92,0.92,1200
2/24/2015,0.9,0.99,0.9,0.95,0.95,29800
2/25/2015,0.98,0.99,0.95,0.96,0.96,11600
2/26/2015,0.91,0.94,0.89,0.91,0.91,20600
2/27/2015,0.94,0.94,0.89,0.91,0.91,6100
3/2/2015,0.93,0.94,0.92,0.94,0.94,2800
3/3/2015,0.89,0.9,0.88,0.89,0.89,6400
3/4/2015,0.9,0.9,0.86,0.86,0.86,6600
3/5/2015,0.88,0.9,0.88,0.9,0.9,1700
3/6/2015,0.86,0.89,0.85,0.88,0.88,6200
3/9/2015,0.85,0.85,0.8,0.8,0.8,29800
3/10/2015,0.89,0.89,0.81,0.81,0.81,6100
3/11/2015,0.86,0.86,0.81,0.84,0.84,8200
3/12/2015,0.8,0.82,0.78,0.82,0.82,9500
3/13/2015,0.82,0.82,0.77,0.81,0.81,35100
3/16/2015,0.8,0.8,0.76,0.77,0.77,8200
3/17/2015,0.8,0.81,0.75,0.75,0.75,24400
3/18/2015,0.8,0.8,0.75,0.76,0.76,6300
3/19/2015,0.75,0.78,0.74,0.77,0.77,11600
3/20/2015,0.77,0.77,0.7,0.71,0.71,48900
3/23/2015,0.71,0.78,0.71,0.75,0.75,5600
3/24/2015,0.75,0.77,0.75,0.75,0.75,1200
3/25/2015,0.75,0.78,0.74,0.78,0.78,17100
3/26/2015,0.75,0.94,0.75,0.9,0.9,70000
3/27/2015,0.84,0.85,0.79,0.84,0.84,14000
3/30/2015,0.85,0.93,0.74,0.82,0.82,11500
3/31/2015,0.76,0.8,0.76,0.79,0.79,14000
4/1/2015,0.83,0.85,0.77,0.81,0.81,8000
4/2/2015,0.8,0.8,0.75,0.79,0.79,14200
4/6/2015,0.74,0.75,0.72,0.74,0.74,8300
4/7/2015,0.73,0.8,0.73,0.78,0.78,8900
4/8/2015,0.73,0.77,0.73,0.77,0.77,12700
4/9/2015,0.76,0.76,0.74,0.76,0.76,7800
4/10/2015,0.73,0.78,0.73,0.73,0.73,600
4/13/2015,0.76,0.78,0.73,0.73,0.73,2000
4/14/2015,0.73,0.73,0.71,0.73,0.73,15300
4/15/2015,0.7,0.75,0.7,0.75,0.75,12600
4/16/2015,0.75,0.76,0.71,0.73,0.73,6400
4/17/2015,0.7,0.72,0.66,0.67,0.67,19200
4/20/2015,0.67,0.71,0.67,0.7,0.7,3400
4/21/2015,0.7,0.72,0.7,0.7,0.7,8300
4/22/2015,0.67,0.67,0.67,0.67,0.67,400
4/23/2015,0.69,0.7,0.67,0.7,0.7,6300
4/24/2015,0.7,0.7,0.67,0.67,0.67,4500
4/27/2015,0.65,0.68,0.62,0.66,0.66,12900
4/28/2015,0.68,0.68,0.61,0.65,0.65,19900
4/29/2015,0.63,0.66,0.58,0.64,0.64,39300
4/30/2015,0.64,0.66,0.61,0.61,0.61,1600
5/1/2015,0.69,0.71,0.69,0.69,0.69,49000
5/4/2015,0.66,0.68,0.64,0.66,0.66,2900
5/5/2015,0.59,0.71,0.59,0.65,0.65,13300
5/6/2015,0.64,0.64,0.64,0.64,0.64,2100
5/7/2015,0.61,0.65,0.61,0.65,0.65,17600
5/8/2015,0.64,0.72,0.64,0.69,0.69,900
5/11/2015,0.62,0.69,0.62,0.63,0.63,10100
5/12/2015,0.65,0.68,0.61,0.65,0.65,21600
5/13/2015,0.6,0.67,0.6,0.63,0.63,17200
5/14/2015,0.66,0.67,0.61,0.61,0.61,6700
5/15/2015,0.65,0.67,0.65,0.67,0.67,6100
5/18/2015,0.7,0.7,0.65,0.65,0.65,9700
5/19/2015,0.66,0.69,0.65,0.65,0.65,2800
5/20/2015,0.7,0.7,0.66,0.67,0.67,8400
5/21/2015,0.67,0.67,0.67,0.67,0.67,200
5/22/2015,0.65,0.69,0.65,0.69,0.69,4400
5/26/2015,0.62,0.69,0.62,0.68,0.68,6300
5/27/2015,0.7,0.7,0.63,0.68,0.68,1700
5/28/2015,0.64,0.64,0.63,0.63,0.63,1800
5/29/2015,0.64,0.65,0.63,0.65,0.65,1400
6/1/2015,0.66,0.68,0.63,0.63,0.63,2500
6/2/2015,0.69,0.69,0.64,0.67,0.67,2900
6/3/2015,0.69,0.69,0.65,0.65,0.65,1300
6/4/2015,0.65,0.7,0.65,0.68,0.68,18800
6/5/2015,0.7,0.7,0.67,0.67,0.67,22700
6/8/2015,0.7,0.7,0.7,0.7,0.7,11300
6/9/2015,0.7,0.7,0.67,0.7,0.7,9700
6/10/2015,0.69,0.73,0.68,0.68,0.68,8700
6/11/2015,0.7,0.7,0.68,0.68,0.68,13700
6/12/2015,0.7,0.7,0.69,0.7,0.7,17400
6/15/2015,0.73,0.73,0.66,0.7,0.7,11800
6/16/2015,0.7,0.7,0.65,0.65,0.65,31700
6/17/2015,0.69,0.7,0.66,0.66,0.66,4900
6/18/2015,0.67,0.69,0.67,0.67,0.67,9400
6/19/2015,0.69,0.7,0.65,0.69,0.69,14300
6/22/2015,0.67,0.68,0.6,0.68,0.68,15600
6/23/2015,0.66,0.68,0.65,0.66,0.66,6500
6/24/2015,0.63,0.66,0.62,0.63,0.63,21200
6/25/2015,0.63,0.7,0.63,0.64,0.64,9300
6/26/2015,0.68,0.73,0.67,0.71,0.71,91100
6/29/2015,0.63,0.69,0.63,0.68,0.68,17900
6/30/2015,0.68,0.7,0.65,0.69,0.69,14900
7/1/2015,0.68,0.69,0.64,0.64,0.64,10200
7/2/2015,0.67,0.69,0.67,0.67,0.67,25900
7/6/2015,0.7,0.7,0.64,0.68,0.68,24700
7/7/2015,0.67,0.68,0.65,0.65,0.65,4800
7/8/2015,0.7,0.89,0.69,0.74,0.74,521900
7/9/2015,0.73,0.79,0.66,0.66,0.66,140600
7/10/2015,0.67,0.7,0.67,0.7,0.7,16800
7/13/2015,0.67,0.7,0.65,0.65,0.65,23000
7/14/2015,0.65,0.72,0.65,0.72,0.72,111800
7/15/2015,0.69,0.72,0.66,0.7,0.7,5500
7/16/2015,0.66,0.7,0.61,0.63,0.63,58300
7/17/2015,0.64,0.66,0.61,0.65,0.65,24500
7/20/2015,0.67,0.68,0.65,0.65,0.65,23100
7/21/2015,0.65,0.67,0.65,0.66,0.66,16500
7/22/2015,0.67,0.68,0.67,0.68,0.68,1500
7/23/2015,0.68,0.68,0.65,0.67,0.67,4300
7/24/2015,0.65,0.68,0.64,0.64,0.64,5600
7/27/2015,0.65,0.65,0.64,0.65,0.65,6400
7/28/2015,0.65,0.67,0.65,0.65,0.65,5800
7/29/2015,0.65,0.65,0.64,0.65,0.65,11400
7/30/2015,0.67,0.67,0.64,0.66,0.66,4000
7/31/2015,0.66,0.67,0.65,0.65,0.65,13800
8/3/2015,0.67,0.67,0.64,0.64,0.64,300
8/4/2015,0.64,0.67,0.64,0.67,0.67,8500
8/5/2015,0.67,0.68,0.66,0.68,0.68,3000
8/6/2015,0.66,0.73,0.65,0.66,0.66,25600
8/7/2015,0.69,0.69,0.68,0.68,0.68,1400
8/10/2015,0.65,0.68,0.64,0.65,0.65,8700
8/11/2015,0.92,3.9,0.92,1.7,1.7,6348600
8/12/2015,1.77,1.79,1.05,1.15,1.15,2946400
8/13/2015,1.01,1.33,1.01,1.04,1.04,406900
8/14/2015,1.05,1.59,0.96,1.26,1.26,4711100
8/17/2015,1.2,1.25,1.05,1.15,1.15,773400
8/18/2015,1.13,1.15,1.08,1.1,1.1,206600
8/19/2015,1.13,1.13,0.96,1.07,1.07,223000
8/20/2015,1.04,1.15,1,1.06,1.06,241500
8/21/2015,1.03,1.06,0.97,1.04,1.04,195900
8/24/2015,0.96,1.03,0.95,1.03,1.03,121000
8/25/2015,1.01,1.93,1,1.28,1.28,11136000
8/26/2015,1.32,1.92,1.32,1.81,1.81,19228200
8/27/2015,2.28,2.91,2.03,2.34,2.34,15162900
8/28/2015,2.08,2.24,1.59,1.67,1.67,2645900
8/31/2015,1.63,1.7,1.34,1.35,1.35,1480300
9/1/2015,1.36,1.99,1.35,1.85,1.85,5252200
9/2/2015,1.77,1.84,1.52,1.67,1.67,3118300
9/3/2015,1.61,1.74,1.54,1.73,1.73,1392000
9/4/2015,1.71,1.86,1.57,1.58,1.58,1491200
9/8/2015,1.67,1.78,1.58,1.63,1.63,1480000
9/9/2015,1.66,1.69,1.53,1.55,1.55,634700
9/10/2015,1.54,1.59,1.42,1.45,1.45,460700
9/11/2015,1.45,1.53,1.41,1.43,1.43,327700
9/14/2015,1.45,1.55,1.43,1.53,1.53,439100
9/15/2015,1.53,1.85,1.51,1.73,1.73,2856600
9/16/2015,1.82,1.94,1.59,1.6,1.6,2558300
9/17/2015,1.56,1.6,1.49,1.55,1.55,492500
9/18/2015,1.5,1.65,1.5,1.58,1.58,585100
9/21/2015,1.6,1.74,1.52,1.7,1.7,1515000
9/22/2015,1.69,1.7,1.61,1.64,1.64,319300
9/23/2015,1.7,1.7,1.54,1.59,1.59,381900
9/24/2015,1.58,1.67,1.55,1.64,1.64,473500
9/25/2015,1.63,1.7,1.45,1.49,1.49,730700
9/28/2015,1.54,1.54,1.4,1.43,1.43,304600
9/29/2015,1.42,1.48,1.4,1.4,1.4,207100
9/30/2015,1.44,1.46,1.32,1.36,1.36,225100
10/1/2015,1.38,1.39,1.24,1.27,1.27,348600
10/2/2015,1.25,1.29,1.16,1.21,1.21,271800
10/5/2015,1.21,1.34,1.21,1.3,1.3,217700
10/6/2015,1.33,1.37,1.22,1.27,1.27,134800
10/7/2015,1.27,1.3,1.23,1.24,1.24,101400
10/8/2015,1.26,1.32,1.24,1.27,1.27,113700
10/9/2015,1.31,1.36,1.25,1.32,1.32,219900
10/12/2015,1.37,1.37,1.27,1.28,1.28,68100
10/13/2015,1.3,1.34,1.25,1.3,1.3,89300
10/14/2015,1.3,1.35,1.26,1.27,1.27,43400
10/15/2015,1.28,1.34,1.27,1.33,1.33,65300
10/16/2015,1.3,1.35,1.28,1.31,1.31,47700
10/19/2015,1.29,1.33,1.27,1.27,1.27,38800
10/20/2015,1.29,1.32,1.17,1.2,1.2,123300
10/21/2015,1.19,1.31,1.17,1.18,1.18,325600
10/22/2015,1.19,1.24,1.12,1.15,1.15,77500
10/23/2015,1.13,1.16,1.08,1.11,1.11,62400
10/26/2015,1.14,1.15,1.1,1.13,1.13,27500
10/27/2015,1.14,1.2,1.08,1.18,1.18,105400
10/28/2015,1.2,1.26,1.18,1.21,1.21,191000
10/29/2015,1.25,1.3,1.19,1.22,1.22,63900
10/30/2015,1.24,1.24,1.19,1.21,1.21,35700
11/2/2015,1.2,1.23,1.16,1.21,1.21,55300
11/3/2015,1.16,1.22,1.16,1.19,1.19,50700
11/4/2015,1.19,1.26,1.19,1.23,1.23,68200
11/5/2015,1.25,1.61,1.24,1.54,1.54,983400
11/6/2015,1.55,1.79,1.5,1.55,1.55,1100200
11/9/2015,1.5,1.68,1.41,1.42,1.42,323200
11/10/2015,1.38,1.45,1.33,1.38,1.38,186400
11/11/2015,1.4,1.42,1.3,1.3,1.3,73300
11/12/2015,1.28,1.5,1.26,1.4,1.4,205600
11/13/2015,1.39,1.43,1.35,1.37,1.37,37100
11/16/2015,1.38,1.41,1.3,1.4,1.4,38600
11/17/2015,1.43,1.43,1.38,1.38,1.38,13000
11/18/2015,1.39,1.42,1.34,1.34,1.34,20300
11/19/2015,1.32,1.45,1.32,1.42,1.42,63400
11/20/2015,1.39,1.59,1.39,1.45,1.45,195600
11/23/2015,1.48,1.67,1.44,1.48,1.48,537100
11/24/2015,1.5,1.54,1.42,1.42,1.42,82400
11/25/2015,1.45,1.52,1.43,1.44,1.44,146600
11/27/2015,1.47,1.55,1.44,1.51,1.51,58300
11/30/2015,1.5,1.54,1.48,1.5,1.5,31300
12/1/2015,1.48,1.62,1.48,1.55,1.55,109600
12/2/2015,1.55,1.62,1.5,1.54,1.54,160800
12/3/2015,1.54,1.57,1.5,1.52,1.52,63600
12/4/2015,1.56,1.6,1.48,1.54,1.54,69500
12/7/2015,1.54,1.74,1.53,1.71,1.71,699900
12/8/2015,1.62,1.8,1.55,1.6,1.6,314100
12/9/2015,1.72,1.72,1.6,1.66,1.66,181600
12/10/2015,1.73,1.73,1.64,1.68,1.68,171500
12/11/2015,1.69,1.69,1.64,1.65,1.65,60100
12/14/2015,1.68,1.74,1.64,1.67,1.67,141800
12/15/2015,1.69,1.69,1.43,1.49,1.49,136800
12/16/2015,1.61,1.66,1.52,1.55,1.55,99600
12/17/2015,1.52,1.58,1.52,1.52,1.52,34800
12/18/2015,1.52,1.58,1.5,1.58,1.58,35100
12/21/2015,1.54,1.57,1.48,1.53,1.53,82300
12/22/2015,1.52,1.53,1.48,1.48,1.48,10400
12/23/2015,1.51,1.54,1.49,1.5,1.5,84400
12/24/2015,1.53,1.53,1.45,1.5,1.5,15700
12/28/2015,1.5,1.54,1.33,1.43,1.43,146700
12/29/2015,1.5,1.51,1.4,1.46,1.46,87600
12/30/2015,1.49,1.5,1.45,1.48,1.48,25700
12/31/2015,1.49,1.49,1.41,1.48,1.48,14900
1/4/2016,1.51,1.52,1.41,1.43,1.43,21800
1/5/2016,1.4,1.47,1.35,1.35,1.35,66800
1/6/2016,1.32,1.44,1.31,1.35,1.35,81900
1/7/2016,1.42,1.42,1.35,1.35,1.35,129600
1/8/2016,1.35,1.36,1.32,1.35,1.35,23800
1/11/2016,1.33,1.38,1.31,1.31,1.31,20300
1/12/2016,1.31,1.33,1.31,1.33,1.33,19400
1/13/2016,1.31,1.34,1.26,1.3,1.3,64400
1/14/2016,1.27,1.35,1.22,1.22,1.22,96600
1/15/2016,1.22,1.22,1.07,1.15,1.15,86400
1/19/2016,1.16,1.5,1.16,1.3,1.3,284400
1/20/2016,1.3,1.39,1.22,1.26,1.26,25700
1/21/2016,1.24,1.39,1.21,1.25,1.25,46100
1/22/2016,1.28,1.38,1.18,1.2,1.2,208300
1/25/2016,1.21,1.27,1.19,1.22,1.22,14300
1/26/2016,1.22,1.28,1.22,1.27,1.27,24700
1/27/2016,1.26,1.29,1.25,1.25,1.25,61500
1/28/2016,1.25,1.28,1.25,1.26,1.26,56400
1/29/2016,1.28,1.37,1.26,1.26,1.26,84000
2/1/2016,1.27,1.27,1.16,1.25,1.25,58200
2/2/2016,1.25,1.27,1.12,1.21,1.21,200100
2/3/2016,1.23,1.28,1.14,1.19,1.19,101700
2/4/2016,1.18,1.25,1.16,1.21,1.21,7600
2/5/2016,1.19,1.28,1.18,1.21,1.21,27000
2/8/2016,1.22,1.24,1.18,1.18,1.18,19200
2/9/2016,1.18,1.2,1.15,1.19,1.19,5100
2/10/2016,1.3,1.3,1.19,1.19,1.19,85500
2/11/2016,1.25,1.27,1.2,1.26,1.26,113500
2/12/2016,1.3,1.3,1.24,1.29,1.29,59400
2/16/2016,1.3,1.37,1.3,1.37,1.37,28000
2/17/2016,1.38,1.49,1.38,1.48,1.48,26400
2/18/2016,1.46,1.56,1.38,1.43,1.43,43400
2/19/2016,1.4,1.44,1.4,1.41,1.41,20800
2/22/2016,1.43,1.52,1.39,1.47,1.47,55400
2/23/2016,1.48,1.54,1.43,1.47,1.47,18200
2/24/2016,1.48,1.5,1.46,1.47,1.47,5600
2/25/2016,1.48,1.49,1.42,1.44,1.44,6300
2/26/2016,1.44,1.49,1.35,1.42,1.42,28100
2/29/2016,1.43,1.49,1.43,1.43,1.43,14700
3/1/2016,1.43,1.49,1.4,1.43,1.43,39200
3/2/2016,1.43,1.47,1.41,1.44,1.44,4800
3/3/2016,1.49,1.49,1.44,1.49,1.49,69800
3/4/2016,1.46,1.46,1.43,1.44,1.44,16200
3/7/2016,1.41,1.45,1.35,1.39,1.39,41500
3/8/2016,1.41,1.45,1.4,1.4,1.4,10000
3/9/2016,1.41,1.41,1.34,1.39,1.39,11200
3/10/2016,1.37,1.43,1.37,1.39,1.39,2300
3/11/2016,1.42,1.42,1.36,1.38,1.38,3900
3/14/2016,1.38,1.38,1.27,1.34,1.34,31000
3/15/2016,1.33,1.39,1.33,1.33,1.33,53100
3/16/2016,1.32,1.37,1.3,1.32,1.32,13500
3/17/2016,1.32,1.37,1.29,1.31,1.31,12600
3/18/2016,1.33,1.36,1.3,1.33,1.33,7900
3/21/2016,1.36,1.39,1.25,1.33,1.33,51300
3/22/2016,1.32,1.36,1.26,1.27,1.27,15400
3/23/2016,1.28,1.35,1.26,1.29,1.29,7300
3/24/2016,1.32,1.32,1.28,1.32,1.32,5000
3/28/2016,1.34,1.37,1.21,1.22,1.22,102000
3/29/2016,1.22,1.31,1.22,1.23,1.23,33700
3/30/2016,1.29,1.32,1.25,1.28,1.28,16900
3/31/2016,1.31,1.34,1.26,1.29,1.29,36800
4/1/2016,1.27,1.33,1.26,1.28,1.28,15000
4/4/2016,1.26,1.33,1.26,1.31,1.31,9300
4/5/2016,1.34,1.34,1.31,1.32,1.32,4500
4/6/2016,1.33,1.33,1.21,1.25,1.25,130000
4/7/2016,1.22,1.32,1.22,1.31,1.31,63900
4/8/2016,1.27,1.32,1.23,1.25,1.25,73600
4/11/2016,1.25,1.29,1.25,1.28,1.28,8700
4/12/2016,1.29,1.3,1.27,1.28,1.28,7800
4/13/2016,1.27,1.33,1.27,1.3,1.3,17600
4/14/2016,1.27,1.31,1.27,1.3,1.3,2300
4/15/2016,1.31,1.33,1.29,1.29,1.29,11700
4/18/2016,1.3,1.49,1.3,1.4,1.4,301400
4/19/2016,1.44,1.48,1.4,1.46,1.46,67000
4/20/2016,1.46,1.49,1.4,1.44,1.44,62800
4/21/2016,1.42,1.48,1.41,1.48,1.48,26600
4/22/2016,1.45,1.45,1.35,1.41,1.41,31700
4/25/2016,1.4,1.41,1.3,1.33,1.33,21000
4/26/2016,1.33,1.39,1.31,1.33,1.33,32100
4/27/2016,1.35,1.38,1.32,1.33,1.33,14500
4/28/2016,1.34,1.38,1.3,1.35,1.35,24200
4/29/2016,1.37,1.37,1.32,1.32,1.32,10100
5/2/2016,1.33,1.33,1.28,1.28,1.28,32200
5/3/2016,1.38,1.39,1.3,1.32,1.32,3500
5/4/2016,1.3,1.33,1.3,1.32,1.32,2600
5/5/2016,1.34,1.34,1.27,1.32,1.32,8200
5/6/2016,1.31,1.34,1.3,1.34,1.34,2800
5/9/2016,1.36,1.37,1.26,1.36,1.36,11700
5/10/2016,1.32,1.36,1.27,1.3,1.3,8000
5/11/2016,1.27,1.31,1.27,1.29,1.29,33500
5/12/2016,1.28,1.31,1.27,1.27,1.27,19500
5/13/2016,1.31,1.31,1.27,1.31,1.31,39400
5/16/2016,1.31,1.36,1.28,1.34,1.34,26300
5/17/2016,1.31,1.31,1.27,1.29,1.29,52800
5/18/2016,1.26,1.3,1.24,1.24,1.24,34000
5/19/2016,1.26,1.29,1.21,1.21,1.21,18400
5/20/2016,1.29,1.29,1.23,1.23,1.23,42700
5/23/2016,1.24,1.29,1.2,1.2,1.2,15800
5/24/2016,1.21,1.27,1.21,1.24,1.24,21700
5/25/2016,1.22,1.29,1.2,1.24,1.24,13000
5/26/2016,1.24,1.27,1.21,1.27,1.27,4800
5/27/2016,1.23,1.29,1.21,1.27,1.27,14800
5/31/2016,1.24,1.26,1.23,1.24,1.24,6800
6/1/2016,1.23,1.6,1.23,1.31,1.31,334400
6/2/2016,1.28,1.3,1.25,1.26,1.26,21900
6/3/2016,1.23,1.31,1.23,1.26,1.26,38800
6/6/2016,1.35,1.4,1.23,1.27,1.27,51800
6/7/2016,1.27,1.34,1.26,1.32,1.32,5000
6/8/2016,1.33,1.41,1.26,1.31,1.31,186700
6/9/2016,1.32,1.33,1.27,1.31,1.31,30700
6/10/2016,1.3,1.35,1.29,1.32,1.32,10700
6/13/2016,1.32,1.32,1.24,1.24,1.24,37900
6/14/2016,1.25,1.32,1.25,1.25,1.25,36700
6/15/2016,1.29,1.29,1.21,1.21,1.21,7700
6/16/2016,1.25,1.3,1.24,1.25,1.25,7900
6/17/2016,1.23,1.3,1.22,1.22,1.22,48900
6/20/2016,1.22,1.28,1.22,1.25,1.25,8800
6/21/2016,1.25,1.3,1.22,1.24,1.24,59600
6/22/2016,1.3,1.3,1.23,1.26,1.26,19700
6/23/2016,1.25,1.27,1.23,1.24,1.24,10000
6/24/2016,1.23,1.27,1.21,1.24,1.24,65100
6/27/2016,1.26,1.28,1.22,1.23,1.23,22200
6/28/2016,1.25,1.25,1.24,1.24,1.24,1400
6/29/2016,1.27,1.28,1.11,1.17,1.17,123600
6/30/2016,1.18,1.23,1.18,1.18,1.18,14000
7/1/2016,1.18,1.23,1.15,1.2,1.2,18100
7/5/2016,1.17,1.28,1.02,1.15,1.15,178100
7/6/2016,2.05,2.11,1.46,1.59,1.59,2966000
7/7/2016,1.5,1.51,1.36,1.45,1.45,290700
7/8/2016,1.44,1.44,1.31,1.33,1.33,153600
7/11/2016,1.32,1.44,1.31,1.33,1.33,159100
7/12/2016,1.35,1.37,1.32,1.33,1.33,72800
7/13/2016,1.31,1.4,1.31,1.35,1.35,50600
7/14/2016,1.35,1.36,1.32,1.34,1.34,27200
7/15/2016,1.36,1.39,1.31,1.35,1.35,41100
7/18/2016,1.35,1.4,1.34,1.37,1.37,87500
7/19/2016,1.4,1.45,1.38,1.4,1.4,150600
7/20/2016,1.39,1.44,1.39,1.4,1.4,132000
7/21/2016,1.42,1.56,1.4,1.53,1.53,124500
7/22/2016,1.52,1.56,1.48,1.56,1.56,307500
7/25/2016,1.56,1.66,1.56,1.6,1.6,517300
7/26/2016,1.64,1.65,1.59,1.62,1.62,38800
7/27/2016,1.64,1.65,1.47,1.59,1.59,63200
7/28/2016,1.58,1.59,1.45,1.53,1.53,74300
7/29/2016,1.48,1.56,1.47,1.48,1.48,70300
8/1/2016,1.5,1.55,1.5,1.53,1.53,36400
8/2/2016,1.53,1.53,1.5,1.5,1.5,27100
8/3/2016,1.52,1.52,1.5,1.5,1.5,75100
8/4/2016,1.52,1.55,1.5,1.53,1.53,43500
8/5/2016,1.53,1.59,1.53,1.56,1.56,62900
8/8/2016,1.39,1.52,1.3,1.46,1.46,135900
8/9/2016,1.42,1.53,1.4,1.5,1.5,25900
8/10/2016,1.47,1.53,1.47,1.51,1.51,17400
8/11/2016,1.51,1.55,1.51,1.53,1.53,13300
8/12/2016,1.52,1.56,1.52,1.53,1.53,4900
8/15/2016,1.4,1.54,1.36,1.51,1.51,193300
8/16/2016,1.51,1.51,1.48,1.51,1.51,20300
8/17/2016,1.5,1.53,1.49,1.5,1.5,28900
8/18/2016,1.48,1.62,1.48,1.57,1.57,108200
8/19/2016,1.59,1.62,1.54,1.61,1.61,77500
8/22/2016,1.6,1.65,1.6,1.65,1.65,108900
8/23/2016,1.65,1.65,1.59,1.65,1.65,44600
8/24/2016,1.64,1.64,1.54,1.61,1.61,35700
8/25/2016,1.6,1.75,1.58,1.63,1.63,153500
8/26/2016,1.65,1.68,1.57,1.57,1.57,47600
8/29/2016,1.57,1.65,1.57,1.6,1.6,36800
8/30/2016,1.62,1.66,1.6,1.6,1.6,13200
8/31/2016,1.58,1.59,1.55,1.59,1.59,13100
9/1/2016,1.58,1.6,1.57,1.57,1.57,7600
9/2/2016,1.58,1.65,1.56,1.64,1.64,49100
9/6/2016,1.65,1.66,1.55,1.63,1.63,50700
9/7/2016,1.63,1.63,1.56,1.56,1.56,45600
9/8/2016,1.63,1.67,1.49,1.53,1.53,79300
9/9/2016,1.53,1.6,1.48,1.5,1.5,240300
9/12/2016,1.5,1.56,1.5,1.54,1.54,36200
9/13/2016,1.56,1.56,1.46,1.53,1.53,52400
9/14/2016,1.53,1.56,1.44,1.53,1.53,22600
9/15/2016,1.5,1.56,1.39,1.53,1.53,51700
9/16/2016,1.5,1.53,1.45,1.52,1.52,18500
9/19/2016,1.5,1.5,1.46,1.49,1.49,8100
9/20/2016,1.47,1.5,1.39,1.41,1.41,28300
9/21/2016,1.38,1.5,1.38,1.45,1.45,73100
9/22/2016,1.48,1.51,1.45,1.51,1.51,9900
9/23/2016,1.51,1.57,1.45,1.57,1.57,27900
9/26/2016,1.5,1.56,1.41,1.51,1.51,96300
9/27/2016,1.48,1.5,1.45,1.45,1.45,16400
9/28/2016,1.5,1.5,1.45,1.45,1.45,14900
9/29/2016,1.47,1.5,1.45,1.5,1.5,10500
9/30/2016,1.51,1.51,1.42,1.49,1.49,36400
10/3/2016,1.49,1.51,1.42,1.46,1.46,143300
10/4/2016,1.42,1.48,1.41,1.44,1.44,142900
10/5/2016,1.43,1.43,1.35,1.43,1.43,76000
10/6/2016,1.41,1.41,1.32,1.36,1.36,119200
10/7/2016,1.37,1.38,1.32,1.34,1.34,53100
10/10/2016,1.35,1.39,1.35,1.36,1.36,75800
10/11/2016,1.36,1.39,1.3,1.3,1.3,92500
10/12/2016,1.34,1.34,1.31,1.32,1.32,5800
10/13/2016,1.3,1.31,1.25,1.25,1.25,37500
10/14/2016,1.27,1.33,1.2,1.24,1.24,36200
10/17/2016,1.27,1.28,1.22,1.24,1.24,24900
10/18/2016,1.24,1.29,1.21,1.22,1.22,47100
10/19/2016,1.23,1.24,1.14,1.15,1.15,56400
10/20/2016,1.16,1.18,1.14,1.16,1.16,43000
10/21/2016,1.17,1.17,1.13,1.14,1.14,31300
10/24/2016,1.12,1.13,1.1,1.1,1.1,53300
10/25/2016,1.07,1.1,1.07,1.07,1.07,50800
10/26/2016,1.1,1.13,1.07,1.12,1.12,148200
10/27/2016,1.12,1.14,1.08,1.08,1.08,97100
10/28/2016,1.14,1.14,1.1,1.12,1.12,40800
10/31/2016,1.13,1.13,1.1,1.12,1.12,35800
11/1/2016,1.11,1.13,1.1,1.11,1.11,15900
11/2/2016,1.11,1.34,1.11,1.27,1.27,184600
11/3/2016,1.28,1.3,1.2,1.23,1.23,83800
11/4/2016,1.24,1.28,1.21,1.21,1.21,30800
11/7/2016,1.2,1.3,1.2,1.23,1.23,61600
11/8/2016,1.23,1.23,1.17,1.22,1.22,50900
11/9/2016,1.17,1.29,1.13,1.27,1.27,95200
11/10/2016,1.24,1.31,1.24,1.31,1.31,14200
11/11/2016,1.27,1.3,1.26,1.26,1.26,43300
11/14/2016,1.25,1.34,1.25,1.33,1.33,31200
11/15/2016,1.33,1.4,1.31,1.39,1.39,66800
11/16/2016,1.39,1.45,1.31,1.38,1.38,79400
11/17/2016,1.38,1.54,1.35,1.36,1.36,157600
11/18/2016,1.44,1.44,1.32,1.39,1.39,36200
11/21/2016,1.39,1.41,1.33,1.37,1.37,32200
11/22/2016,1.33,1.38,1.33,1.38,1.38,5600
11/23/2016,1.39,1.39,1.34,1.38,1.38,1500
11/25/2016,1.4,1.4,1.38,1.4,1.4,2300
11/28/2016,1.37,1.42,1.35,1.37,1.37,3900
11/29/2016,1.35,1.42,1.35,1.38,1.38,3700
11/30/2016,1.4,1.44,1.37,1.42,1.42,15300
12/1/2016,1.44,1.44,1.36,1.36,1.36,7500
12/2/2016,1.36,1.38,1.36,1.38,1.38,4300
12/5/2016,1.41,1.41,1.36,1.36,1.36,26100
12/6/2016,1.35,1.38,1.32,1.37,1.37,10200
12/7/2016,1.39,1.44,1.34,1.42,1.42,32600
12/8/2016,1.42,1.44,1.11,1.41,1.41,148800
12/9/2016,1.4,1.42,1.37,1.39,1.39,13800
12/12/2016,1.38,1.45,1.34,1.34,1.34,145600
12/13/2016,1.34,1.4,1.28,1.28,1.28,25300
12/14/2016,1.3,1.35,1.29,1.34,1.34,34500
12/15/2016,1.31,1.31,1.28,1.29,1.29,13800
12/16/2016,1.32,1.32,1.25,1.25,1.25,9100
12/19/2016,1.32,1.39,1.2,1.28,1.28,91000
12/20/2016,1.28,1.29,1.25,1.28,1.28,14500
12/21/2016,1.28,1.29,1.24,1.28,1.28,29400
12/22/2016,1.3,1.3,1.27,1.3,1.3,31200
12/23/2016,1.32,1.32,1.25,1.32,1.32,3300
12/27/2016,1.28,1.3,1.23,1.24,1.24,46600
12/28/2016,1.29,1.29,1.2,1.24,1.24,54200
12/29/2016,1.24,1.27,1.21,1.22,1.22,19500
12/30/2016,1.21,1.27,1.2,1.25,1.25,23800
1/3/2017,1.29,1.29,1.17,1.19,1.19,70200
1/4/2017,1.23,1.24,1.15,1.19,1.19,70200
1/5/2017,1.19,1.22,1.19,1.22,1.22,15400
1/6/2017,1.22,1.25,1.2,1.23,1.23,29600
1/9/2017,1.19,1.23,1.19,1.2,1.2,22500
1/10/2017,1.2,1.22,1.2,1.21,1.21,27800
1/11/2017,1.22,1.23,1.2,1.22,1.22,27300
1/12/2017,1.2,1.23,1.2,1.21,1.21,11000
1/13/2017,1.22,1.23,1.2,1.21,1.21,14800
1/17/2017,1.21,1.23,1.21,1.22,1.22,7000
1/18/2017,1.2,1.23,1.2,1.21,1.21,10500
1/19/2017,1.22,1.22,1.18,1.18,1.18,12800
1/20/2017,1.18,1.2,1.16,1.18,1.18,21500
1/23/2017,1.2,1.21,1.17,1.19,1.19,15100
1/24/2017,1.2,1.3,1.18,1.25,1.25,250100
1/25/2017,1.25,1.25,1.21,1.23,1.23,17600
1/26/2017,1.22,1.28,1.21,1.24,1.24,17900
1/27/2017,1.26,1.26,1.2,1.23,1.23,16700
1/30/2017,1.24,1.24,1.21,1.23,1.23,22300
1/31/2017,1.23,1.23,1.18,1.19,1.19,24700
2/1/2017,1.22,1.29,1.21,1.25,1.25,37600
2/2/2017,1.24,1.26,1.2,1.23,1.23,22200
2/3/2017,1.23,1.25,1.2,1.25,1.25,7500
2/6/2017,1.25,1.26,1.23,1.24,1.24,12900
2/7/2017,1.24,1.24,1.2,1.22,1.22,29500
2/8/2017,1.24,1.24,1.19,1.23,1.23,3700
2/9/2017,1.23,1.23,1.2,1.22,1.22,9000
2/10/2017,1.21,1.22,1.2,1.22,1.22,5400
2/13/2017,1.25,1.26,1.22,1.24,1.24,16300
2/14/2017,1.22,1.23,1.14,1.15,1.15,114900
2/15/2017,1.16,1.16,1.13,1.15,1.15,61200
2/16/2017,1.16,1.18,1.13,1.15,1.15,57200
2/17/2017,1.17,1.17,1.13,1.15,1.15,21800
2/21/2017,1.17,1.17,1.15,1.16,1.16,26600
2/22/2017,1.14,1.17,1.14,1.15,1.15,9600
2/23/2017,1.15,1.16,1.14,1.14,1.14,13200
2/24/2017,1.14,1.15,1.14,1.15,1.15,3500
2/27/2017,1.15,1.15,1.14,1.15,1.15,8300
2/28/2017,1.14,1.18,1.11,1.11,1.11,43200
3/1/2017,1.13,1.18,1.12,1.12,1.12,81700
3/2/2017,1.12,1.15,1.12,1.13,1.13,9200
3/3/2017,1.12,1.14,1.08,1.09,1.09,62000
3/6/2017,1.08,1.09,1.06,1.07,1.07,13700
3/7/2017,1.07,1.18,1.07,1.12,1.12,93200
3/8/2017,1.14,1.14,1.13,1.14,1.14,21100
3/9/2017,1.17,1.17,1.06,1.13,1.13,52400
3/10/2017,1.11,1.11,1.07,1.09,1.09,19500
3/13/2017,1.08,1.14,1.07,1.09,1.09,21500
3/14/2017,1.11,1.11,1.07,1.07,1.07,15100
3/15/2017,1.08,1.09,1.07,1.07,1.07,8200
3/16/2017,1.09,1.09,1.07,1.08,1.08,8800
3/17/2017,1.07,1.11,1.07,1.11,1.11,30300
3/20/2017,1.11,1.13,1.1,1.12,1.12,9800
3/21/2017,1.11,1.13,1.09,1.1,1.1,7100
3/22/2017,1.12,1.12,1.08,1.1,1.1,9100
3/23/2017,1.08,1.13,1.07,1.12,1.12,15700
3/24/2017,1.13,1.13,1.11,1.12,1.12,6100
3/27/2017,1.13,1.13,1.12,1.12,1.12,25200
3/28/2017,1.13,1.16,1.02,1.09,1.09,28800
3/29/2017,1.1,1.12,1.07,1.11,1.11,19400
3/30/2017,1.13,1.17,1.1,1.14,1.14,15800
3/31/2017,1.16,1.21,1.14,1.19,1.19,127200
4/3/2017,1.21,1.22,1.18,1.18,1.18,47600
4/4/2017,1.16,1.22,1.16,1.16,1.16,32700
4/5/2017,1.15,1.22,1.15,1.15,1.15,22000
4/6/2017,1.16,1.23,1.15,1.18,1.18,10300
4/7/2017,1.18,1.2,1.15,1.16,1.16,6900
4/10/2017,1.17,1.21,1.13,1.19,1.19,30800
4/11/2017,1.17,1.19,1.14,1.15,1.15,12900
4/12/2017,1.14,1.19,1.14,1.18,1.18,9600
4/13/2017,1.19,1.19,1.13,1.16,1.16,9500
4/17/2017,1.13,1.18,1.13,1.15,1.15,9500
4/18/2017,1.16,1.19,1.1,1.13,1.13,40600
4/19/2017,1.12,1.18,1.12,1.15,1.15,15400
4/20/2017,1.14,1.16,1.14,1.14,1.14,2400
4/21/2017,1.14,1.14,1.1,1.13,1.13,13800
4/24/2017,1.11,1.14,1.09,1.1,1.1,15700
4/25/2017,1.09,1.14,1.09,1.12,1.12,14200
4/26/2017,1.12,1.14,1.11,1.11,1.11,28100
4/27/2017,1.09,1.13,1.09,1.09,1.09,23100
4/28/2017,1.09,1.12,1.09,1.11,1.11,6700
5/1/2017,1.1,1.12,1.1,1.12,1.12,6200
5/2/2017,1.09,1.12,1.09,1.1,1.1,11500
5/3/2017,1.11,1.12,1.1,1.12,1.12,8800
5/4/2017,1.15,1.15,1.1,1.13,1.13,10600
5/5/2017,1.14,1.14,1.1,1.14,1.14,8100
5/8/2017,1.14,1.14,1.12,1.12,1.12,16900
5/9/2017,1.13,1.15,1.1,1.12,1.12,4900
5/10/2017,1.11,1.14,1.11,1.12,1.12,7900
5/11/2017,1.13,1.14,1.1,1.11,1.11,11200
5/12/2017,1.13,1.65,1.13,1.3,1.3,2017800
5/15/2017,1.18,1.18,1.12,1.17,1.17,140200
5/16/2017,1.17,1.18,1.14,1.15,1.15,49200
5/17/2017,1.14,1.15,1.1,1.12,1.12,82300
5/18/2017,1.09,1.12,1.05,1.07,1.07,59100
5/19/2017,1.07,1.09,1.07,1.09,1.09,51500
5/22/2017,1.1,1.11,1.07,1.09,1.09,59400
5/23/2017,1.1,1.14,1.07,1.12,1.12,36300
5/24/2017,1.13,1.14,1.09,1.11,1.11,26100
5/25/2017,1.12,1.14,1.08,1.11,1.11,28300
5/26/2017,1.13,1.13,1.1,1.11,1.11,5000
5/30/2017,1.11,1.14,1.07,1.13,1.13,19400
5/31/2017,1.1,1.11,1.1,1.11,1.11,10700
6/1/2017,1.12,1.13,1.08,1.08,1.08,11600
6/2/2017,1.08,1.12,1.08,1.09,1.09,16300
6/5/2017,1.09,1.13,1.08,1.11,1.11,10800
6/6/2017,1.09,1.1,1.08,1.08,1.08,11100
6/7/2017,1.09,1.11,1.08,1.08,1.08,5800
6/8/2017,1.08,1.1,1.08,1.09,1.09,7400
6/9/2017,1.08,1.1,1.07,1.07,1.07,27100
6/12/2017,1.07,1.09,1.06,1.06,1.06,41700
6/13/2017,1.06,1.1,1.05,1.07,1.07,23600
6/14/2017,1.05,1.09,1.05,1.06,1.06,12200
6/15/2017,1.07,1.07,1.06,1.06,1.06,6800
6/16/2017,1.05,1.09,1.05,1.09,1.09,6400
6/19/2017,1.08,1.13,1.08,1.13,1.13,17000
6/20/2017,1.09,1.1,1.05,1.06,1.06,6300
6/21/2017,1.05,1.09,1.05,1.09,1.09,6800
6/22/2017,1.05,1.08,1.05,1.08,1.08,4200
6/23/2017,1.05,1.06,1.05,1.06,1.06,26500
6/26/2017,1.05,1.12,1.05,1.06,1.06,58400
6/27/2017,1.03,1.08,1.03,1.05,1.05,19000
6/28/2017,1.09,1.09,1.04,1.05,1.05,9500
6/29/2017,1.05,1.07,1.03,1.06,1.06,10300
6/30/2017,1.03,1.07,1.03,1.05,1.05,18000
7/3/2017,1.06,1.07,1.06,1.06,1.06,5500
7/5/2017,1.05,1.06,1.03,1.04,1.04,29200
7/6/2017,1.03,1.09,1.03,1.06,1.06,27300
7/7/2017,1.06,1.09,1.04,1.06,1.06,6800
7/10/2017,1.04,1.08,1.04,1.06,1.06,17100
7/11/2017,1.08,1.08,1.02,1.06,1.06,63600
7/12/2017,1.08,1.08,1.03,1.08,1.08,15700
7/13/2017,1.08,1.08,1.05,1.06,1.06,4200
7/14/2017,1.06,1.08,1.06,1.07,1.07,20900
7/17/2017,1.06,1.09,1.06,1.09,1.09,12800
7/18/2017,1.07,1.08,1.05,1.07,1.07,31500
7/19/2017,1.07,1.14,1.06,1.09,1.09,100000
7/20/2017,1.08,1.09,1.06,1.07,1.07,26400
7/21/2017,1.07,1.09,1.05,1.09,1.09,20900
7/24/2017,1.09,1.09,1.05,1.08,1.08,18800
7/25/2017,1.07,1.08,1.05,1.05,1.05,19200
7/26/2017,1.06,1.17,1.05,1.15,1.15,239100
7/27/2017,1.13,1.13,1.07,1.08,1.08,55600
7/28/2017,1.08,1.13,1.08,1.12,1.12,36600
7/31/2017,1.12,1.12,1.08,1.09,1.09,15000
8/1/2017,1.09,1.12,1.08,1.09,1.09,17000
8/2/2017,1.09,1.1,1.07,1.1,1.1,9100
8/3/2017,1.09,1.09,1.06,1.08,1.08,27100
8/4/2017,1.08,1.1,1.08,1.1,1.1,21700
8/7/2017,1.09,1.1,1.06,1.09,1.09,11500
8/8/2017,1.11,1.12,1.09,1.09,1.09,9900
8/9/2017,1.09,1.09,1.06,1.07,1.07,10400
8/10/2017,1.08,1.08,1.05,1.07,1.07,14900
8/11/2017,1.07,1.11,1.03,1.05,1.05,44500
8/14/2017,1.03,1.09,1.03,1.09,1.09,44600
8/15/2017,1.13,1.19,1.06,1.09,1.09,103700
8/16/2017,1.1,1.12,1.09,1.1,1.1,47100
8/17/2017,1.1,1.1,1.08,1.08,1.08,22300
8/18/2017,1.08,1.1,1.08,1.1,1.1,1400
8/21/2017,1.1,1.1,1.08,1.09,1.09,15100
8/22/2017,1.09,1.12,1.08,1.11,1.11,12300
8/23/2017,1.12,1.12,1.08,1.1,1.1,36500
8/24/2017,1.1,1.1,1.06,1.07,1.07,51300
8/25/2017,1.08,1.14,1.06,1.12,1.12,62500
8/28/2017,1.15,1.17,1.09,1.14,1.14,101200
8/29/2017,1.14,1.14,1.11,1.14,1.14,58700
8/30/2017,1.13,1.14,1.1,1.13,1.13,25500
8/31/2017,1.14,1.16,1.08,1.11,1.11,124000
9/1/2017,1.11,1.16,1.1,1.15,1.15,54700
9/5/2017,1.14,1.17,1.14,1.15,1.15,53100
9/6/2017,1.14,1.2,1.14,1.16,1.16,60300
9/7/2017,1.19,1.19,1.16,1.16,1.16,7700
9/8/2017,1.15,1.19,1.15,1.15,1.15,44200
9/11/2017,1.18,1.18,1.17,1.18,1.18,22200
9/12/2017,1.18,1.35,1.17,1.29,1.29,328600
9/13/2017,1.24,1.26,1.19,1.2,1.2,83500
9/14/2017,1.2,1.22,1.18,1.2,1.2,45400
9/15/2017,1.19,1.2,1.18,1.2,1.2,12600
9/18/2017,1.2,1.23,1.2,1.2,1.2,26800
9/19/2017,1.2,1.22,1.2,1.2,1.2,18100
9/20/2017,1.21,1.21,1.15,1.17,1.17,31000
9/21/2017,1.16,1.17,1.15,1.16,1.16,20800
9/22/2017,1.17,1.18,1.14,1.18,1.18,29400
9/25/2017,1.16,1.18,1.15,1.16,1.16,10000
9/26/2017,1.14,1.16,1.13,1.15,1.15,29000
9/27/2017,1.15,1.18,1.15,1.15,1.15,15700
9/28/2017,1.15,1.2,1.15,1.2,1.2,31600
9/29/2017,1.18,1.23,1.18,1.23,1.23,10500
10/2/2017,1.21,1.21,1.18,1.2,1.2,18100
10/3/2017,1.2,1.2,1.18,1.19,1.19,17500
10/4/2017,1.2,1.3,1.2,1.26,1.26,280700
10/5/2017,1.21,1.26,1.21,1.24,1.24,22600
10/6/2017,1.21,1.25,1.21,1.23,1.23,24500
10/9/2017,1.22,1.24,1.22,1.22,1.22,18200
10/10/2017,1.24,1.25,1.22,1.22,1.22,6400
10/11/2017,1.23,1.24,1.22,1.23,1.23,7100
10/12/2017,1.22,1.23,1.22,1.22,1.22,3100
10/13/2017,1.22,1.22,1.2,1.21,1.21,6100
10/16/2017,1.22,1.23,1.21,1.22,1.22,14600
10/17/2017,1.22,1.24,1.2,1.2,1.2,9600
10/18/2017,1.21,1.23,1.21,1.22,1.22,21500
10/19/2017,1.26,1.27,1.18,1.23,1.23,22300
10/20/2017,1.22,1.25,1.18,1.18,1.18,30600
10/23/2017,1.23,1.23,1.19,1.23,1.23,23000
10/24/2017,1.23,1.24,1.18,1.18,1.18,58000
10/25/2017,1.19,1.2,1.15,1.2,1.2,47500
10/26/2017,1.2,1.2,1.13,1.19,1.19,11300
10/27/2017,1.18,1.19,1.13,1.15,1.15,20000
10/30/2017,1.14,1.17,1.14,1.17,1.17,20200
10/31/2017,1.17,1.2,1.17,1.2,1.2,21000
11/1/2017,1.17,1.2,1.17,1.2,1.2,38900
11/2/2017,1.19,1.22,1.17,1.18,1.18,23900
11/3/2017,1.17,1.25,1.17,1.19,1.19,61300
11/6/2017,1.21,1.24,1.21,1.23,1.23,15500
11/7/2017,1.21,1.23,1.2,1.2,1.2,45200
11/8/2017,1.25,1.25,1.2,1.21,1.21,27800
11/9/2017,1.21,1.22,1.18,1.19,1.19,13600
11/10/2017,1.2,1.25,1.2,1.22,1.22,44600
11/13/2017,1.22,1.34,1.19,1.27,1.27,99000
11/14/2017,1.3,1.31,1.19,1.2,1.2,58100
11/15/2017,1.2,1.26,1.2,1.26,1.26,35900
11/16/2017,1.22,1.28,1.22,1.25,1.25,27200
11/17/2017,1.25,1.28,1.25,1.28,1.28,42700
11/20/2017,1.27,1.31,1.27,1.28,1.28,32200
11/21/2017,1.3,1.48,1.25,1.29,1.29,349900
11/22/2017,1.32,1.36,1.25,1.34,1.34,38000
11/24/2017,1.34,1.37,1.27,1.33,1.33,24400
11/27/2017,1.33,1.39,1.33,1.38,1.38,35300
11/28/2017,1.38,1.4,1.32,1.36,1.36,51300
11/29/2017,1.35,1.4,1.32,1.37,1.37,18100
11/30/2017,1.34,1.37,1.33,1.34,1.34,24700
12/1/2017,1.37,1.37,1.28,1.31,1.31,59700
12/4/2017,1.3,1.33,1.3,1.32,1.32,14500
12/5/2017,1.32,1.33,1.29,1.32,1.32,12700
12/6/2017,1.32,1.32,1.28,1.31,1.31,4400
12/7/2017,1.28,1.31,1.27,1.29,1.29,22900
12/8/2017,1.3,1.4,1.3,1.35,1.35,69500
12/11/2017,1.37,1.37,1.33,1.37,1.37,28900
12/12/2017,1.39,1.4,1.31,1.32,1.32,54000
12/13/2017,1.33,1.38,1.33,1.35,1.35,15900
12/14/2017,1.33,1.35,1.33,1.35,1.35,56200
12/15/2017,1.34,1.36,1.25,1.25,1.25,155800
12/18/2017,1.27,1.27,1.2,1.23,1.23,29000
12/19/2017,1.22,1.26,1.21,1.23,1.23,49000
12/20/2017,1.21,1.29,1.21,1.27,1.27,67500
12/21/2017,1.3,1.3,1.26,1.29,1.29,43400
12/22/2017,1.29,1.29,1.23,1.27,1.27,30000
12/26/2017,1.28,1.28,1.24,1.26,1.26,12200
12/27/2017,1.23,1.32,1.23,1.27,1.27,30100
12/28/2017,1.27,1.31,1.24,1.26,1.26,26400
12/29/2017,1.25,1.28,1.23,1.23,1.23,45300
1/2/2018,1.21,1.28,1.2,1.25,1.25,77600
1/3/2018,1.26,1.26,1.23,1.24,1.24,29300
1/4/2018,1.25,1.28,1.23,1.25,1.25,21800
1/5/2018,1.28,1.28,1.21,1.22,1.22,68700
1/8/2018,1.2,1.26,1.2,1.24,1.24,16800
1/9/2018,1.22,1.25,1.21,1.22,1.22,50200
1/10/2018,1.24,1.26,1.24,1.25,1.25,45300
1/11/2018,1.23,1.25,1.2,1.23,1.23,54300
1/12/2018,1.23,1.23,1.22,1.22,1.22,23200
1/16/2018,1.24,1.45,1.24,1.32,1.32,634500
1/17/2018,1.33,1.33,1.25,1.25,1.25,42000
1/18/2018,1.31,1.31,1.23,1.24,1.24,169200
1/19/2018,2.6,4.45,2.33,2.95,2.95,58324400
1/22/2018,2.65,2.87,2.28,2.49,2.49,3282900
1/23/2018,2.4,3.17,2.35,2.92,2.92,9265700
1/24/2018,2.93,3.15,2.52,2.83,2.83,1779200
1/25/2018,2.9,3.28,2.73,2.97,2.97,3759500
1/26/2018,3,3.24,2.72,2.74,2.74,2019200
1/29/2018,2.66,2.71,2.41,2.49,2.49,840200
1/30/2018,2.4,2.55,2.32,2.52,2.52,491500
1/31/2018,2.43,2.54,2.35,2.43,2.43,337100
2/1/2018,2.36,2.5,2.33,2.41,2.41,565600
2/2/2018,2.36,2.43,2.01,2.12,2.12,512700
2/5/2018,2.04,2.11,1.95,1.97,1.97,308100
2/6/2018,1.95,2.13,1.8,2.05,2.05,342100
2/7/2018,1.93,2.11,1.91,2.03,2.03,173300
2/8/2018,2.03,2.11,1.9,1.92,1.92,195300
2/9/2018,1.96,2.02,1.81,1.89,1.89,139500
2/12/2018,1.87,2.05,1.86,2.04,2.04,628600
2/13/2018,2.01,2.03,1.9,1.96,1.96,224000
2/14/2018,1.92,2.03,1.92,1.99,1.99,215800
2/15/2018,1.78,1.85,1.74,1.76,1.76,275600
2/16/2018,1.78,1.79,1.68,1.72,1.72,155700
2/20/2018,1.67,1.72,1.64,1.68,1.68,101600
2/21/2018,1.68,1.69,1.61,1.63,1.63,107300
2/22/2018,1.63,1.72,1.62,1.67,1.67,295200
2/23/2018,1.7,1.75,1.62,1.71,1.71,606900
2/26/2018,1.74,1.74,1.66,1.7,1.7,225000
2/27/2018,1.69,1.69,1.57,1.59,1.59,194800
2/28/2018,1.59,1.66,1.55,1.57,1.57,96600
3/1/2018,1.57,1.62,1.47,1.56,1.56,143800
3/2/2018,1.52,1.63,1.52,1.56,1.56,80300
3/5/2018,1.54,1.62,1.52,1.57,1.57,75500
3/6/2018,1.57,1.66,1.56,1.57,1.57,213500
3/7/2018,1.55,1.61,1.52,1.6,1.6,53400
3/8/2018,1.62,1.7,1.59,1.66,1.66,537700
3/9/2018,1.69,1.7,1.58,1.62,1.62,143700
3/12/2018,1.62,1.63,1.58,1.6,1.6,74400
3/13/2018,1.61,1.65,1.56,1.56,1.56,70400
3/14/2018,1.56,1.58,1.51,1.52,1.52,145800
3/15/2018,1.52,1.57,1.49,1.5,1.5,100200
3/16/2018,1.5,1.64,1.48,1.55,1.55,335400
3/19/2018,1.54,1.56,1.45,1.47,1.47,118300
3/20/2018,1.48,1.54,1.46,1.52,1.52,64300
3/21/2018,1.5,1.66,1.49,1.54,1.54,144000
3/22/2018,1.52,1.54,1.47,1.52,1.52,43600
3/23/2018,1.51,1.54,1.47,1.49,1.49,15200
3/26/2018,1.53,1.53,1.46,1.47,1.47,20900
3/27/2018,1.47,1.52,1.46,1.52,1.52,99800
3/28/2018,1.51,1.52,1.39,1.42,1.42,68600
3/29/2018,1.45,1.48,1.42,1.42,1.42,24700
4/2/2018,1.42,1.45,1.38,1.38,1.38,124500
4/3/2018,1.39,1.42,1.36,1.36,1.36,93500
4/4/2018,1.35,1.39,1.35,1.39,1.39,26400
4/5/2018,1.4,1.42,1.37,1.37,1.37,109600
4/6/2018,1.41,1.63,1.4,1.55,1.55,1519300
4/9/2018,1.56,1.92,1.53,1.55,1.55,1561600
4/10/2018,1.57,1.67,1.52,1.57,1.57,272500
4/11/2018,1.52,1.6,1.5,1.53,1.53,96300
4/12/2018,1.54,1.63,1.54,1.58,1.58,147700
4/13/2018,1.6,1.61,1.53,1.55,1.55,102400
